genero,cargo,setor,salario_base,anos_experiencia,tempo_empresa_meses,promovido_ultimo_ano,transicao_carreira
Masculino,Sênior,Desenvolvimento,15143,7,15,Não,Não
Feminino,Pleno,Desenvolvimento,6610,3,2,Não,Sim
Masculino,Sênior,Infraestrutura,17679,9,15,Não,Não
Masculino,Sênior,Dados,15273,8,18,Não,Não
Masculino,Estagiário,Produto,2541,1,10,Não,Não
Masculino,Estagiário,Produto,3266,1,11,Não,Não
Masculino,Estagiário,Desenvolvimento,2163,0,1,Não,Não
Masculino,Sênior,Produto,17032,8,11,Não,Não
Feminino,Pleno,Infraestrutura,7483,4,35,Não,Não
Masculino,Pleno,Infraestrutura,8262,3,15,Não,Não
Masculino,Gerente,Gestão,24179,13,14,Não,Não
Masculino,Júnior,UX/UI,6894,2,24,Não,Não
Masculino,Pleno,Dados,8898,3,4,Não,Não
Feminino,Estagiário,Gestão,2331,1,10,Não,Sim
Feminino,Especialista,Infraestrutura,17497,14,42,Não,Não
Feminino,Gerente,UX/UI,14651,10,33,Não,Não
Masculino,Pleno,Dados,12002,3,21,Sim,Não
Feminino,Júnior,UX/UI,3565,1,10,Não,Sim
Feminino,Estagiário,Dados,1774,1,9,Não,Não
Masculino,Sênior,Infraestrutura,17268,11,20,Não,Não
Masculino,Pleno,Gestão,8524,4,15,Não,Não
Masculino,Estagiário,Dados,2120,2,21,Não,Não
Feminino,Pleno,Desenvolvimento,9024,5,43,Não,Não
Masculino,Especialista,Produto,19588,13,7,Não,Não
Masculino,Estagiário,Infraestrutura,2201,2,21,Sim,Não
Feminino,Júnior,Desenvolvimento,4723,1,9,Não,Não
Masculino,Estagiário,Gestão,2030,2,18,Não,Não
Feminino,Júnior,Dados,5093,3,14,Não,Sim
Masculino,Júnior,Produto,5277,3,10,Não,Não
Masculino,Estagiário,Gestão,2102,1,1,Não,Não
Feminino,Estagiário,Dados,1755,2,3,Sim,Não
Feminino,Júnior,Gestão,4987,0,1,Não,Não
Feminino,Júnior,UX/UI,5808,3,9,Não,Não
Masculino,Executivo/C-Level,Gestão,80234,18,5,Não,Não
Feminino,Especialista,Desenvolvimento,16018,15,19,Não,Não
Feminino,Estagiário,Gestão,2489,2,10,Não,Não
Feminino,Júnior,Dados,4442,1,12,Não,Não
Feminino,Estagiário,Desenvolvimento,1526,1,5,Não,Não
Feminino,Sênior,Gestão,11012,10,1,Não,Não
Feminino,Pleno,Gestão,6372,6,9,Não,Não
Feminino,Pleno,Dados,10411,3,23,Não,Não
Feminino,Gerente,Dados,12300,10,27,Não,Não
Feminino,Sênior,Infraestrutura,16506,8,11,Não,Sim
Masculino,Especialista,Dados,23000,17,23,Não,Não
Masculino,Júnior,Infraestrutura,4784,2,9,Não,Não
Masculino,Sênior,Produto,16712,12,35,Não,Sim
Feminino,Pleno,Dados,7071,5,3,Não,Não
Feminino,Júnior,Desenvolvimento,3782,1,5,Sim,Não
Feminino,Sênior,Infraestrutura,12934,7,24,Não,Não
Feminino,Especialista,Infraestrutura,18910,18,20,Não,Não
Feminino,Pleno,Produto,9662,4,40,Não,Sim
Masculino,Especialista,Produto,23279,19,42,Não,Não
Masculino,Especialista,Produto,19389,12,43,Não,Não
Masculino,Especialista,Desenvolvimento,23085,13,44,Não,Não
Masculino,Executivo/C-Level,Dados,72160,17,30,Não,Não
Feminino,Pleno,Produto,6662,4,10,Não,Não
Masculino,Pleno,Infraestrutura,10041,3,36,Não,Sim
Masculino,Sênior,Produto,16599,10,39,Não,Não
Masculino,Gerente,Infraestrutura,24976,14,54,Não,Não
Feminino,Júnior,Produto,4588,1,11,Não,Não
Masculino,Júnior,UX/UI,6712,2,11,Sim,Não
Masculino,Sênior,Dados,17339,6,27,Não,Não
Masculino,Pleno,Produto,11116,3,37,Não,Não
Masculino,Especialista,Produto,26947,16,35,Não,Não
Masculino,Pleno,UX/UI,10753,3,25,Não,Não
Feminino,Especialista,Produto,15301,19,35,Não,Sim
Masculino,Júnior,Produto,5840,2,13,Não,Não
Feminino,Júnior,Produto,3779,3,17,Não,Sim
Feminino,Pleno,Dados,7538,3,2,Sim,Sim
Masculino,Júnior,Infraestrutura,7365,1,8,Não,Não
Masculino,Sênior,Infraestrutura,15341,12,53,Não,Sim
Masculino,Sênior,UX/UI,21712,9,26,Não,Sim
Feminino,Júnior,Infraestrutura,5696,2,22,Não,Sim
Masculino,Pleno,Infraestrutura,11441,5,1,Não,Sim
Feminino,Especialista,Infraestrutura,15951,17,46,Não,Não
Feminino,Sênior,Gestão,16827,9,28,Não,Não
Masculino,Júnior,Produto,6999,3,37,Não,Não
Masculino,Júnior,UX/UI,5558,1,6,Não,Não
Feminino,Pleno,UX/UI,8073,4,6,Não,Não
Masculino,Pleno,Produto,10410,3,6,Não,Não
Masculino,Pleno,Gestão,12508,5,28,Não,Não
Masculino,Júnior,UX/UI,4989,1,6,Não,Não
Feminino,Júnior,Dados,5935,3,18,Não,Não
Feminino,Júnior,UX/UI,3681,1,5,Sim,Sim
Masculino,Sênior,UX/UI,21114,7,41,Não,Sim
Masculino,Pleno,UX/UI,9510,6,22,Não,Não
Feminino,Sênior,Desenvolvimento,11589,9,32,Não,Sim
Feminino,Estagiário,UX/UI,2557,0,1,Não,Não
Masculino,Gerente,Produto,23025,12,56,Não,Não
Masculino,Estagiário,Infraestrutura,2541,0,1,Não,Não
Masculino,Júnior,Desenvolvimento,7323,3,29,Não,Não
Masculino,Júnior,Infraestrutura,7315,3,5,Não,Não
Feminino,Pleno,Gestão,7061,4,28,Não,Não
Masculino,Especialista,Dados,27325,19,48,Não,Não
Masculino,Sênior,UX/UI,18423,8,33,Não,Sim
Masculino,Sênior,Produto,14211,10,17,Sim,Não
Feminino,Pleno,Gestão,9341,3,18,Não,Não
Feminino,Executivo/C-Level,Dados,64606,28,41,Não,Não
Masculino,Pleno,Dados,11280,6,19,Não,Não
Masculino,Júnior,UX/UI,6607,0,1,Não,Sim
Feminino,Júnior,Produto,4775,1,9,Não,Sim
Masculino,Gerente,Dados,23941,15,57,Sim,Não
Masculino,Sênior,Dados,14112,8,36,Não,Sim
Feminino,Pleno,Desenvolvimento,10059,3,10,Não,Não
Masculino,Júnior,Produto,5280,1,7,Não,Não
Feminino,Júnior,Desenvolvimento,4996,3,22,Sim,Não
Masculino,Pleno,Infraestrutura,12412,4,29,Não,Não
Feminino,Pleno,Produto,7894,5,13,Não,Sim
Feminino,Especialista,Infraestrutura,16075,16,25,Sim,Não
Feminino,Estagiário,Produto,2594,1,1,Não,Sim
Feminino,Júnior,UX/UI,4814,3,6,Não,Não
Feminino,Especialista,Produto,14452,10,40,Não,Não
Masculino,Especialista,Desenvolvimento,20725,11,29,Não,Não
Masculino,Júnior,Desenvolvimento,5096,2,14,Não,Não
Feminino,Júnior,Dados,5666,0,1,Não,Não
Masculino,Júnior,Produto,5678,0,1,Não,Não
Masculino,Executivo/C-Level,UX/UI,72807,24,41,Não,Não
Masculino,Especialista,Produto,24248,11,16,Não,Não
Feminino,Estagiário,UX/UI,1872,2,13,Não,Não
Feminino,Pleno,Infraestrutura,10614,5,15,Não,Sim
Masculino,Especialista,Infraestrutura,20240,20,54,Não,Não
Masculino,Especialista,UX/UI,23977,10,38,Não,Sim
Masculino,Pleno,Infraestrutura,12418,4,9,Não,Não
Masculino,Especialista,UX/UI,25894,14,59,Não,Não
Feminino,Pleno,Desenvolvimento,8120,3,10,Não,Não
Feminino,Estagiário,UX/UI,2004,1,1,Não,Não
Masculino,Gerente,Infraestrutura,19830,9,44,Não,Não
Feminino,Especialista,UX/UI,15225,13,42,Não,Não
Masculino,Gerente,Desenvolvimento,17902,12,32,Sim,Não
Masculino,Pleno,Produto,9265,6,38,Não,Não
Feminino,Júnior,Gestão,5647,2,2,Não,Não
Masculino,Pleno,Infraestrutura,11261,5,4,Não,Não
Feminino,Estagiário,Produto,1717,0,1,Não,Sim
Masculino,Especialista,Desenvolvimento,27607,18,14,Não,Não
Masculino,Especialista,Dados,22542,19,1,Não,Sim
Masculino,Especialista,UX/UI,18422,11,43,Sim,Não
Feminino,Júnior,Gestão,3506,1,5,Não,Sim
Masculino,Especialista,Produto,19786,18,38,Não,Não
Masculino,Especialista,Infraestrutura,22941,20,34,Não,Não
Masculino,Especialista,Produto,19768,16,44,Não,Não
Masculino,Pleno,Desenvolvimento,9033,4,5,Não,Não
Masculino,Pleno,UX/UI,12141,5,30,Não,Sim
Feminino,Pleno,Infraestrutura,9683,4,28,Não,Não
Feminino,Júnior,UX/UI,4128,2,12,Não,Sim
Masculino,Estagiário,Produto,2266,2,12,Não,Não
Masculino,Sênior,UX/UI,21156,9,23,Não,Não
Feminino,Estagiário,Infraestrutura,2028,1,10,Não,Sim
Feminino,Sênior,Dados,12633,8,36,Não,Sim
Masculino,Diretor,Gestão,28860,25,40,Não,Não
Feminino,Júnior,Desenvolvimento,4337,2,11,Não,Não
Masculino,Diretor,Infraestrutura,35049,13,48,Não,Não
Masculino,Sênior,UX/UI,18884,12,37,Sim,Sim
Masculino,Estagiário,Gestão,2907,0,1,Não,Não
Masculino,Júnior,UX/UI,6260,0,1,Sim,Não
Masculino,Sênior,Gestão,17237,6,15,Não,Sim
Masculino,Especialista,Dados,23375,14,19,Sim,Não
Masculino,Pleno,Dados,12577,4,33,Não,Não
Masculino,Estagiário,Infraestrutura,2159,0,1,Não,Não
Masculino,Sênior,Infraestrutura,17318,8,8,Sim,Não
Feminino,Pleno,Gestão,9526,5,6,Não,Não
Masculino,Sênior,UX/UI,20382,7,22,Não,Não
Masculino,Júnior,Gestão,7479,2,12,Não,Não
Masculino,Júnior,Desenvolvimento,6967,1,3,Não,Não
Masculino,Pleno,Infraestrutura,12624,6,44,Não,Não
Masculino,Pleno,Infraestrutura,11841,6,5,Não,Não
Masculino,Pleno,Desenvolvimento,11782,3,20,Não,Sim
Feminino,Pleno,Desenvolvimento,8706,3,33,Não,Não
Masculino,Sênior,Gestão,17896,8,39,Não,Não
Masculino,Executivo/C-Level,UX/UI,56308,17,33,Sim,Não
Feminino,Pleno,Gestão,9185,4,24,Não,Não
Masculino,Sênior,Infraestrutura,14774,6,22,Não,Não
Masculino,Diretor,Infraestrutura,32927,21,56,Não,Não
Masculino,Pleno,UX/UI,12874,6,9,Não,Sim
Masculino,Especialista,Infraestrutura,26624,12,43,Sim,Não
Masculino,Pleno,Desenvolvimento,10799,4,14,Não,Não
Masculino,Júnior,Dados,6579,2,4,Não,Não
Feminino,Pleno,Desenvolvimento,8280,4,39,Não,Não
Feminino,Júnior,Infraestrutura,5882,3,24,Não,Não
Feminino,Pleno,Dados,7387,5,31,Não,Não
Masculino,Pleno,Produto,9635,6,11,Não,Sim
Masculino,Pleno,Infraestrutura,8840,5,36,Não,Não
Masculino,Especialista,Desenvolvimento,26410,14,29,Sim,Não
Feminino,Sênior,Dados,12802,8,2,Não,Sim
Feminino,Júnior,UX/UI,5952,2,4,Não,Sim
Masculino,Sênior,Produto,19779,7,49,Não,Não
Feminino,Júnior,Desenvolvimento,5959,1,9,Não,Não
Masculino,Pleno,Dados,8908,6,5,Não,Não
Masculino,Pleno,Infraestrutura,9176,4,46,Não,Sim
Masculino,Pleno,Gestão,10954,3,34,Sim,Não
Masculino,Sênior,Gestão,17851,9,56,Sim,Não
Masculino,Estagiário,Infraestrutura,2493,0,1,Não,Não
Feminino,Sênior,Infraestrutura,13340,7,3,Não,Sim
Feminino,Diretor,Produto,27832,19,41,Sim,Não
Masculino,Especialista,Desenvolvimento,23080,10,21,Não,Não
Masculino,Estagiário,UX/UI,2585,2,7,Não,Não
Feminino,Júnior,UX/UI,4982,2,14,Não,Não
Masculino,Pleno,Produto,8676,5,52,Não,Sim
Masculino,Pleno,Dados,8655,5,7,Não,Não
Masculino,Pleno,Infraestrutura,11662,6,23,Sim,Não
Masculino,Júnior,Produto,7249,0,1,Não,Não
Feminino,Júnior,Infraestrutura,5622,0,1,Não,Sim
Masculino,Pleno,Infraestrutura,8265,6,37,Não,Não
Feminino,Júnior,UX/UI,5136,0,1,Não,Não
Masculino,Pleno,Dados,12601,6,59,Sim,Não
Feminino,Executivo/C-Level,Dados,58049,24,45,Não,Sim
Masculino,Pleno,Infraestrutura,10846,3,21,Não,Não
Masculino,Especialista,UX/UI,23922,20,12,Não,Sim
Masculino,Júnior,Dados,5978,3,2,Não,Não
Feminino,Estagiário,Gestão,2037,0,1,Não,Não
Masculino,Estagiário,Gestão,2151,1,11,Não,Não
Masculino,Sênior,Gestão,21915,7,50,Sim,Não
Feminino,Pleno,Desenvolvimento,7138,5,11,Não,Não
Feminino,Júnior,Desenvolvimento,5388,2,5,Não,Não
Feminino,Júnior,Dados,3831,2,19,Sim,Sim
Masculino,Júnior,Gestão,6843,1,13,Não,Não
Masculino,Pleno,Infraestrutura,10006,5,31,Não,Não
Masculino,Sênior,Desenvolvimento,17404,7,29,Não,Não
Masculino,Especialista,UX/UI,23658,15,47,Não,Sim
Masculino,Júnior,Gestão,5001,1,8,Não,Não
Masculino,Gerente,UX/UI,18616,14,16,Não,Não
Feminino,Sênior,Dados,13989,9,33,Não,Sim
Feminino,Pleno,Gestão,9823,4,14,Sim,Não
Feminino,Júnior,Produto,4665,0,1,Não,Não
Masculino,Sênior,Desenvolvimento,18532,7,24,Não,Não
Masculino,Júnior,Gestão,4896,0,1,Não,Não
Masculino,Especialista,UX/UI,26341,13,39,Não,Sim
Masculino,Pleno,Infraestrutura,11743,6,34,Sim,Não
Masculino,Pleno,Gestão,10451,6,40,Não,Não
Masculino,Sênior,Produto,20682,8,31,Sim,Não
Masculino,Sênior,Produto,19941,12,58,Não,Não
Masculino,Diretor,UX/UI,35456,24,50,Não,Não
Masculino,Sênior,Infraestrutura,17114,12,54,Sim,Não
Masculino,Júnior,Infraestrutura,5784,0,1,Não,Não
Masculino,Especialista,Gestão,19020,17,56,Não,Não
Masculino,Pleno,Infraestrutura,9418,6,21,Não,Não
Masculino,Especialista,Infraestrutura,22331,20,42,Não,Não
Masculino,Júnior,Gestão,5683,2,25,Não,Não
Masculino,Pleno,Produto,8998,5,19,Não,Não
Feminino,Sênior,Produto,12032,12,10,Não,Sim
Feminino,Júnior,Infraestrutura,4373,3,14,Não,Não
Masculino,Sênior,Infraestrutura,19487,7,4,Não,Não
Masculino,Pleno,Desenvolvimento,9126,6,7,Sim,Não
Feminino,Pleno,Produto,7833,6,31,Não,Sim
Feminino,Pleno,Infraestrutura,9447,3,12,Não,Não
Masculino,Júnior,Produto,4537,2,2,Não,Não
Feminino,Júnior,UX/UI,5130,3,9,Não,Sim
Masculino,Sênior,Produto,14115,11,12,Não,Não
Masculino,Júnior,Dados,6610,3,28,Não,Não
Masculino,Pleno,Dados,10136,4,1,Não,Não
Masculino,Pleno,UX/UI,10945,3,17,Não,Sim
Masculino,Júnior,UX/UI,4980,2,23,Não,Não
Masculino,Júnior,Dados,5127,1,8,Não,Não
Masculino,Pleno,Infraestrutura,12403,6,49,Não,Não
Feminino,Sênior,Infraestrutura,14261,12,6,Não,Sim
Masculino,Especialista,Desenvolvimento,27383,18,13,Não,Não
Feminino,Estagiário,Produto,1811,0,1,Não,Sim
Masculino,Pleno,Produto,11787,3,36,Não,Não
Masculino,Especialista,UX/UI,19196,13,38,Sim,Não
Masculino,Gerente,Desenvolvimento,23734,9,60,Sim,Não
Feminino,Gerente,Infraestrutura,17352,14,24,Não,Sim
Feminino,Estagiário,Gestão,1984,1,2,Não,Sim
Feminino,Sênior,Desenvolvimento,15791,8,30,Não,Não
Masculino,Júnior,Dados,7204,0,1,Não,Não
Feminino,Júnior,Desenvolvimento,5085,0,1,Não,Sim
Feminino,Júnior,Produto,3526,1,13,Não,Sim
Feminino,Júnior,Gestão,4740,2,8,Não,Não
Masculino,Gerente,Gestão,22999,10,41,Não,Sim
Masculino,Sênior,Infraestrutura,16611,12,34,Não,Não
Masculino,Especialista,Dados,21692,17,16,Não,Não
Feminino,Pleno,Desenvolvimento,9190,6,36,Não,Sim
Masculino,Especialista,Produto,21120,11,35,Sim,Não
Masculino,Gerente,Desenvolvimento,19555,11,52,Não,Não
Masculino,Júnior,Desenvolvimento,4980,1,12,Não,Não
Feminino,Pleno,Infraestrutura,7875,4,26,Não,Não
Masculino,Pleno,UX/UI,8807,6,30,Não,Não
Feminino,Especialista,UX/UI,18214,15,21,Não,Sim
Masculino,Sênior,Gestão,15248,9,19,Não,Não
Masculino,Pleno,Dados,12002,5,17,Não,Não
Masculino,Sênior,Dados,15146,8,11,Não,Não
Feminino,Diretor,Gestão,23935,12,34,Sim,Sim
Masculino,Especialista,Dados,20474,13,5,Sim,Não
Masculino,Sênior,Gestão,17958,10,59,Não,Sim
Masculino,Estagiário,Produto,2562,2,24,Não,Não
Masculino,Sênior,Infraestrutura,15468,12,59,Sim,Sim
Masculino,Sênior,Dados,16903,8,53,Não,Não
Masculino,Pleno,Produto,9850,4,45,Não,Não
Masculino,Especialista,Infraestrutura,24213,11,26,Não,Não
Masculino,Júnior,Infraestrutura,7141,3,28,Não,Não
Feminino,Especialista,Desenvolvimento,17795,10,15,Não,Não
Feminino,Especialista,Infraestrutura,13899,18,37,Não,Sim
Masculino,Especialista,Dados,19260,16,60,Não,Não
Masculino,Sênior,Produto,17144,10,22,Não,Sim
Feminino,Estagiário,Infraestrutura,1562,2,12,Não,Sim
Masculino,Diretor,Gestão,38694,18,50,Sim,Não
Feminino,Júnior,Produto,4233,3,28,Não,Sim
Masculino,Sênior,Dados,15263,6,18,Não,Não
Masculino,Pleno,Produto,8042,3,6,Não,Não
Feminino,Estagiário,Desenvolvimento,2309,0,1,Não,Sim
Masculino,Estagiário,Gestão,2788,2,11,Sim,Não
Feminino,Especialista,Infraestrutura,19867,13,37,Não,Sim
Masculino,Júnior,Produto,5630,1,7,Não,Não
Masculino,Gerente,UX/UI,19203,15,39,Não,Sim
Masculino,Pleno,Produto,10699,6,52,Não,Não
Feminino,Gerente,Infraestrutura,16924,10,20,Não,Não
Masculino,Júnior,UX/UI,5492,3,37,Não,Não
Feminino,Estagiário,UX/UI,2697,2,7,Não,Sim
Feminino,Júnior,Infraestrutura,3922,2,23,Não,Não
Masculino,Júnior,Dados,6233,1,12,Não,Sim
Feminino,Pleno,Produto,6781,6,35,Não,Não
Masculino,Júnior,Desenvolvimento,7222,1,11,Não,Não
Masculino,Sênior,Infraestrutura,16716,9,49,Não,Não
Masculino,Júnior,UX/UI,6032,1,8,Não,Não
Masculino,Júnior,Gestão,4928,0,1,Não,Não
Masculino,Júnior,Infraestrutura,6365,2,11,Não,Não
Masculino,Pleno,Desenvolvimento,8550,6,21,Não,Não
Masculino,Sênior,UX/UI,15346,11,52,Não,Não
Masculino,Júnior,Gestão,5449,3,30,Não,Não
Masculino,Pleno,Infraestrutura,11682,3,13,Não,Não
Feminino,Júnior,Dados,5028,0,1,Não,Não
Feminino,Gerente,Gestão,17831,13,39,Não,Não
Masculino,Sênior,Infraestrutura,19033,8,59,Não,Não
Masculino,Pleno,Dados,9158,4,24,Não,Não
Masculino,Pleno,Produto,12402,6,41,Não,Não
Feminino,Júnior,Gestão,4026,2,5,Não,Sim
Masculino,Pleno,Desenvolvimento,12600,4,25,Não,Não
Feminino,Sênior,Produto,11359,9,32,Sim,Não
Masculino,Júnior,Gestão,6528,3,37,Não,Sim
Masculino,Especialista,Gestão,18681,15,35,Não,Não
Masculino,Júnior,Produto,4632,1,5,Não,Não
Feminino,Especialista,Produto,17561,11,16,Não,Não
Masculino,Sênior,Dados,20664,12,14,Não,Sim
Masculino,Sênior,UX/UI,19767,7,21,Não,Não
Feminino,Diretor,Gestão,27118,22,7,Não,Não
Feminino,Sênior,Dados,12283,7,16,Não,Não
Masculino,Sênior,Gestão,17073,11,27,Não,Não
Feminino,Júnior,Desenvolvimento,4688,2,23,Não,Não
Feminino,Sênior,Desenvolvimento,15682,9,41,Não,Não
Feminino,Pleno,Dados,8507,5,19,Não,Não
Feminino,Estagiário,Desenvolvimento,1511,2,15,Não,Sim
Feminino,Executivo/C-Level,Dados,48424,19,42,Não,Não
Masculino,Sênior,UX/UI,14424,11,11,Não,Não
Feminino,Júnior,Dados,3393,0,1,Sim,Não
Masculino,Sênior,Desenvolvimento,21047,12,8,Não,Sim
Masculino,Estagiário,Produto,2641,0,1,Não,Não
Masculino,Sênior,Dados,14560,11,10,Não,Sim
Feminino,Júnior,Produto,4255,1,11,Não,Não
Feminino,Sênior,Dados,13178,10,47,Não,Não
Masculino,Sênior,Dados,18977,10,47,Não,Não
Masculino,Gerente,Infraestrutura,24348,11,34,Não,Não
Masculino,Pleno,Dados,12092,3,16,Não,Sim
Feminino,Diretor,Desenvolvimento,33544,17,9,Não,Não
Feminino,Estagiário,Desenvolvimento,1911,0,1,Não,Não
Masculino,Pleno,Infraestrutura,11295,6,28,Sim,Não
Masculino,Estagiário,UX/UI,2318,0,1,Não,Não
Masculino,Sênior,Infraestrutura,19723,6,20,Não,Não
Masculino,Estagiário,Dados,2928,1,2,Não,Sim
Feminino,Sênior,Infraestrutura,14752,6,1,Sim,Não
Masculino,Júnior,Infraestrutura,5600,2,5,Não,Sim
Feminino,Sênior,UX/UI,11021,8,34,Não,Não
Masculino,Pleno,Desenvolvimento,9288,4,24,Não,Sim
Masculino,Júnior,Infraestrutura,4550,0,1,Não,Não
Masculino,Júnior,Dados,5419,0,1,Não,Não
Feminino,Sênior,UX/UI,11761,10,24,Não,Sim
Feminino,Gerente,Desenvolvimento,16811,9,30,Não,Sim
Masculino,Júnior,UX/UI,7050,2,24,Não,Não
Feminino,Sênior,Dados,11130,10,16,Não,Sim
Masculino,Gerente,Infraestrutura,22164,13,1,Não,Não
Masculino,Executivo/C-Level,Gestão,48925,28,32,Não,Sim
Masculino,Gerente,Desenvolvimento,22102,14,45,Não,Não
Masculino,Júnior,Gestão,6924,3,5,Não,Não
Feminino,Júnior,Dados,6054,2,13,Não,Não
Feminino,Sênior,Dados,11326,10,7,Não,Sim
Masculino,Pleno,Dados,8982,6,17,Sim,Não
Masculino,Sênior,Infraestrutura,20847,6,14,Não,Sim
Feminino,Júnior,UX/UI,4564,0,1,Não,Não
Masculino,Júnior,Gestão,5072,3,7,Sim,Sim
Feminino,Estagiário,Dados,2721,1,6,Não,Não
Feminino,Executivo/C-Level,Desenvolvimento,60656,21,42,Sim,Não
Masculino,Estagiário,Produto,3483,2,14,Não,Sim
Feminino,Júnior,Dados,4398,1,5,Não,Não
Masculino,Pleno,Produto,8718,6,4,Não,Sim
Masculino,Júnior,Gestão,7421,0,1,Não,Não
Masculino,Pleno,Gestão,9473,6,18,Sim,Não
Masculino,Estagiário,UX/UI,2732,1,9,Não,Não
Feminino,Júnior,Desenvolvimento,5480,1,5,Não,Sim
Feminino,Pleno,Dados,7061,6,23,Não,Não
Feminino,Sênior,Desenvolvimento,13881,8,37,Não,Não
Feminino,Júnior,Gestão,3584,3,3,Não,Sim
Masculino,Gerente,UX/UI,18137,11,52,Não,Não
Feminino,Estagiário,UX/UI,1833,0,1,Não,Não
Feminino,Pleno,Produto,7928,5,20,Não,Não
Feminino,Júnior,Infraestrutura,5743,2,8,Não,Não
Masculino,Estagiário,Infraestrutura,2801,2,19,Não,Não
Masculino,Sênior,Dados,15809,12,40,Não,Sim
Masculino,Sênior,UX/UI,16617,7,23,Não,Não
Masculino,Sênior,Infraestrutura,16750,11,57,Não,Não
Masculino,Pleno,Desenvolvimento,8394,3,1,Não,Não
Feminino,Pleno,Produto,9620,6,23,Não,Não
Feminino,Júnior,Dados,4178,0,1,Não,Sim
Masculino,Júnior,Produto,5884,0,1,Não,Não
Masculino,Pleno,Desenvolvimento,11556,4,39,Não,Sim
Masculino,Pleno,Dados,10306,5,43,Não,Sim
Masculino,Especialista,Gestão,23911,12,4,Sim,Sim
Feminino,Pleno,Infraestrutura,6180,4,7,Não,Não
Masculino,Pleno,Produto,12457,5,6,Não,Não
Masculino,Pleno,Dados,11809,5,29,Não,Não
Masculino,Especialista,Dados,19404,20,7,Não,Não
Masculino,Júnior,Gestão,6640,0,1,Não,Não
Feminino,Pleno,Produto,7717,4,31,Não,Não
Feminino,Pleno,Gestão,8747,4,8,Não,Não
Masculino,Estagiário,Produto,2413,2,14,Não,Não
Feminino,Júnior,UX/UI,4817,0,1,Não,Não
Feminino,Sênior,Desenvolvimento,14916,10,38,Sim,Sim
Masculino,Especialista,Gestão,19730,11,60,Não,Sim
Masculino,Gerente,Gestão,22275,14,17,Não,Não
Masculino,Júnior,Dados,6993,1,10,Não,Não
Masculino,Sênior,UX/UI,17892,6,48,Não,Não
Masculino,Pleno,UX/UI,8804,6,55,Não,Não
Masculino,Pleno,Infraestrutura,11414,5,18,Não,Sim
Masculino,Sênior,Produto,21104,12,34,Não,Sim
Feminino,Júnior,Desenvolvimento,5495,3,9,Sim,Sim
Feminino,Júnior,Desenvolvimento,4825,3,4,Não,Não
Masculino,Sênior,Desenvolvimento,18004,7,24,Não,Não
Feminino,Pleno,Gestão,8219,5,11,Não,Não
Masculino,Especialista,Gestão,21626,13,55,Não,Não
Masculino,Pleno,Produto,9083,3,31,Não,Não
Masculino,Sênior,UX/UI,21921,8,46,Não,Não
Feminino,Pleno,UX/UI,8427,4,30,Não,Sim
Masculino,Diretor,Infraestrutura,37262,25,24,Não,Sim
Masculino,Sênior,UX/UI,16139,12,18,Não,Não
Feminino,Estagiário,Dados,2499,0,1,Não,Sim
Masculino,Executivo/C-Level,Produto,72431,23,59,Não,Não
Masculino,Especialista,Gestão,21643,15,47,Não,Não
Masculino,Pleno,Infraestrutura,9392,5,55,Não,Não
Masculino,Pleno,Desenvolvimento,12579,5,47,Não,Não
Feminino,Pleno,UX/UI,7979,4,23,Não,Não
Masculino,Pleno,UX/UI,8439,3,31,Não,Não
Feminino,Pleno,Desenvolvimento,7413,4,33,Não,Sim
Feminino,Diretor,Dados,32062,17,27,Não,Sim
Masculino,Sênior,UX/UI,19197,7,21,Sim,Não
Masculino,Sênior,Dados,20432,7,32,Não,Sim
Masculino,Pleno,Infraestrutura,11140,6,31,Sim,Não
Feminino,Especialista,Desenvolvimento,14715,18,13,Não,Sim
Feminino,Júnior,UX/UI,5214,0,1,Não,Não
Masculino,Pleno,Infraestrutura,9096,5,28,Não,Não
Masculino,Júnior,Dados,5435,3,2,Não,Não
Masculino,Sênior,Desenvolvimento,17003,7,8,Não,Não
Masculino,Júnior,Infraestrutura,7211,0,1,Sim,Não
Masculino,Pleno,Desenvolvimento,12483,6,8,Não,Não
Masculino,Sênior,Infraestrutura,19420,8,27,Sim,Não
Masculino,Júnior,Infraestrutura,5657,0,1,Sim,Sim
Masculino,Especialista,Dados,23864,18,13,Não,Não
Masculino,Gerente,Produto,19842,15,22,Sim,Não
Feminino,Pleno,Gestão,9000,4,6,Não,Não
Masculino,Júnior,UX/UI,5215,0,1,Não,Não
Masculino,Pleno,Infraestrutura,8375,3,7,Sim,Sim
Masculino,Pleno,UX/UI,10197,6,40,Não,Sim
Feminino,Estagiário,Dados,2100,1,8,Não,Não
Feminino,Estagiário,Dados,1776,2,24,Não,Sim
Feminino,Sênior,Produto,12344,11,29,Não,Não
Feminino,Gerente,Infraestrutura,17815,10,31,Não,Sim
Masculino,Estagiário,UX/UI,3180,2,17,Não,Não
Feminino,Pleno,UX/UI,7858,3,28,Não,Sim
Feminino,Estagiário,Gestão,2498,2,6,Não,Sim
Masculino,Pleno,Dados,12152,5,4,Não,Não
Masculino,Estagiário,Dados,3173,1,13,Não,Não
Masculino,Executivo/C-Level,Desenvolvimento,71439,15,7,Não,Não
Masculino,Especialista,Desenvolvimento,22990,19,41,Não,Não
Feminino,Gerente,Produto,16171,13,4,Não,Não
Feminino,Sênior,UX/UI,16226,6,7,Sim,Não
Feminino,Pleno,Gestão,7327,3,3,Não,Não
Masculino,Júnior,Dados,6372,3,14,Não,Não
Masculino,Estagiário,Produto,3205,2,22,Sim,Não
Masculino,Diretor,Gestão,28142,14,32,Não,Sim
Feminino,Pleno,Gestão,9542,4,45,Não,Sim
Feminino,Especialista,Gestão,20825,18,25,Não,Não
Feminino,Pleno,UX/UI,9062,4,9,Não,Não
Masculino,Sênior,UX/UI,15780,10,41,Não,Não
Masculino,Gerente,UX/UI,18913,10,46,Não,Não
Masculino,Especialista,Desenvolvimento,27548,18,31,Não,Não
Masculino,Gerente,Infraestrutura,22920,12,57,Não,Não
Masculino,Estagiário,Dados,2546,0,1,Não,Não
Masculino,Júnior,UX/UI,5335,0,1,Não,Sim
Feminino,Pleno,Desenvolvimento,9734,4,48,Não,Não
Feminino,Especialista,Desenvolvimento,19335,16,27,Sim,Não
Feminino,Sênior,Produto,15874,11,46,Não,Não
Feminino,Júnior,Dados,3606,1,11,Não,Não
Masculino,Júnior,Gestão,5544,1,10,Sim,Não
Feminino,Júnior,Desenvolvimento,3837,2,20,Não,Não
Feminino,Júnior,Gestão,4510,2,17,Não,Não
Masculino,Estagiário,Produto,3358,0,1,Não,Não
Masculino,Pleno,Gestão,10834,3,8,Não,Não
Masculino,Júnior,Gestão,6062,0,1,Não,Não
Masculino,Sênior,Gestão,18234,6,59,Não,Não
Feminino,Pleno,Produto,7328,5,42,Sim,Sim
Feminino,Pleno,Gestão,8041,3,14,Não,Sim
Masculino,Gerente,Infraestrutura,17181,14,42,Não,Não
Masculino,Estagiário,UX/UI,2364,0,1,Não,Não
Masculino,Gerente,Dados,23391,14,25,Não,Não
Masculino,Júnior,Infraestrutura,6898,0,1,Sim,Não
Masculino,Júnior,Gestão,4854,2,20,Não,Não
Masculino,Estagiário,Infraestrutura,2279,0,1,Não,Não
Feminino,Gerente,UX/UI,18471,10,20,Sim,Sim
Masculino,Sênior,Gestão,21757,10,36,Sim,Não
Feminino,Júnior,Infraestrutura,3800,3,33,Não,Não
Masculino,Especialista,Gestão,27005,18,30,Sim,Não
Masculino,Sênior,Dados,16925,9,22,Sim,Não
Masculino,Estagiário,Gestão,2995,0,1,Não,Não
Masculino,Júnior,Gestão,6254,2,11,Não,Não
Feminino,Sênior,Infraestrutura,16069,9,18,Não,Não
Masculino,Pleno,UX/UI,12969,3,12,Sim,Não
Feminino,Júnior,Gestão,3768,0,1,Não,Não
Feminino,Especialista,Dados,22285,18,17,Não,Sim
Masculino,Sênior,Gestão,17806,8,9,Não,Sim
Masculino,Sênior,Desenvolvimento,19030,12,52,Não,Não
Masculino,Júnior,Dados,7498,1,12,Não,Não
Masculino,Júnior,Produto,5458,2,12,Sim,Não
Feminino,Júnior,UX/UI,3906,3,3,Não,Não
Feminino,Júnior,Infraestrutura,5538,1,7,Não,Sim
Masculino,Pleno,Dados,10826,5,53,Não,Não
Masculino,Gerente,Gestão,19768,15,11,Sim,Não
Masculino,Júnior,Dados,6198,0,1,Não,Não
Masculino,Pleno,Produto,11366,4,42,Sim,Sim
Masculino,Júnior,Dados,4729,0,1,Não,Não
Masculino,Sênior,Produto,14152,10,41,Não,Não
Feminino,Júnior,Desenvolvimento,3919,3,31,Não,Sim
Masculino,Sênior,Dados,15373,10,17,Não,Não
Masculino,Estagiário,Gestão,2270,1,7,Sim,Não
Feminino,Pleno,Gestão,6586,4,39,Não,Não
Masculino,Estagiário,Desenvolvimento,3235,2,5,Não,Sim
Feminino,Pleno,Infraestrutura,6740,6,24,Não,Não
Feminino,Pleno,UX/UI,6894,3,28,Não,Sim
Masculino,Pleno,Gestão,8058,4,1,Não,Sim
Masculino,Júnior,Infraestrutura,5983,2,14,Sim,Não
Masculino,Especialista,UX/UI,23990,16,37,Não,Não
Masculino,Pleno,Dados,11032,6,12,Não,Não
Feminino,Júnior,Gestão,5350,3,9,Não,Não
Masculino,Pleno,Gestão,12510,5,52,Não,Não
Masculino,Diretor,Produto,30984,12,52,Não,Não
Masculino,Estagiário,Desenvolvimento,2163,0,1,Não,Não
Feminino,Pleno,Produto,9494,5,46,Não,Sim
Masculino,Júnior,Desenvolvimento,4637,2,7,Não,Não
Feminino,Júnior,Gestão,4394,0,1,Não,Sim
Masculino,Pleno,Produto,12801,6,26,Não,Sim
Feminino,Pleno,Desenvolvimento,7748,5,23,Não,Não
Masculino,Pleno,Dados,8592,3,36,Não,Não
Masculino,Diretor,Gestão,36196,20,53,Não,Não
Masculino,Especialista,Dados,25548,17,44,Não,Não
Masculino,Estagiário,UX/UI,3386,2,8,Não,Não
Masculino,Pleno,UX/UI,10033,3,17,Não,Não
Feminino,Estagiário,UX/UI,2031,0,1,Não,Não
Feminino,Pleno,Dados,8245,4,16,Não,Sim
Masculino,Pleno,Gestão,8642,3,8,Não,Não
Masculino,Diretor,Gestão,40163,25,31,Não,Não
Feminino,Especialista,Gestão,20066,17,12,Não,Sim
Feminino,Gerente,Produto,16772,8,33,Não,Sim
Feminino,Pleno,Infraestrutura,5900,5,45,Não,Não
Masculino,Júnior,UX/UI,5603,2,8,Não,Não
Masculino,Pleno,Produto,11049,6,45,Não,Não
Masculino,Júnior,Gestão,7452,1,2,Não,Não
Masculino,Júnior,Produto,4539,1,8,Não,Não
Feminino,Pleno,Infraestrutura,7922,5,32,Não,Sim
Masculino,Estagiário,Dados,3289,1,8,Sim,Não
Masculino,Sênior,UX/UI,16819,12,17,Sim,Sim
Feminino,Júnior,Gestão,4356,1,13,Não,Não
Feminino,Pleno,Produto,7583,6,41,Não,Não
Masculino,Especialista,Produto,20654,11,6,Não,Não
Feminino,Júnior,Infraestrutura,5158,3,18,Não,Não
Masculino,Júnior,Dados,7480,0,1,Não,Não
Feminino,Estagiário,Infraestrutura,1636,0,1,Não,Sim
Feminino,Sênior,Gestão,12887,6,7,Sim,Não
Masculino,Júnior,Infraestrutura,6657,1,3,Não,Sim
Feminino,Especialista,UX/UI,17753,17,35,Não,Não
Masculino,Sênior,Produto,18620,11,57,Não,Não
Masculino,Pleno,UX/UI,11619,4,6,Não,Não
Masculino,Estagiário,Desenvolvimento,2587,0,1,Não,Sim
Feminino,Júnior,Produto,5246,3,19,Sim,Não
Masculino,Júnior,Produto,5403,3,25,Não,Não
Masculino,Especialista,Gestão,22664,20,18,Não,Não
Masculino,Especialista,Dados,22744,12,9,Sim,Não
Masculino,Sênior,Infraestrutura,14158,7,21,Não,Não
Masculino,Júnior,Desenvolvimento,6295,1,12,Não,Não
Masculino,Júnior,Produto,6541,3,20,Não,Não
Feminino,Estagiário,UX/UI,2074,0,1,Sim,Não
Feminino,Sênior,Produto,12387,6,46,Não,Sim
Feminino,Pleno,Dados,7590,3,34,Não,Não
Masculino,Sênior,Desenvolvimento,15000,10,34,Não,Não
Masculino,Especialista,Desenvolvimento,21866,13,8,Não,Não
Masculino,Sênior,UX/UI,15991,9,51,Sim,Sim
Feminino,Pleno,Produto,6614,4,24,Não,Não
Feminino,Estagiário,Infraestrutura,1868,1,11,Não,Sim
Masculino,Especialista,Gestão,25187,15,52,Não,Sim
Masculino,Júnior,Infraestrutura,7394,0,1,Não,Não
Feminino,Pleno,Dados,8999,5,21,Não,Não
Masculino,Pleno,Dados,11007,5,35,Não,Não
Masculino,Júnior,Infraestrutura,7040,0,1,Não,Não
Feminino,Sênior,Gestão,15377,7,34,Não,Não
Masculino,Estagiário,Desenvolvimento,2089,2,3,Não,Sim
Feminino,Estagiário,Dados,1637,0,1,Não,Não
Feminino,Estagiário,UX/UI,1686,0,1,Não,Não
Masculino,Estagiário,Infraestrutura,2851,2,24,Não,Não
Masculino,Júnior,Gestão,5744,0,1,Sim,Não
Masculino,Sênior,Desenvolvimento,15552,10,25,Não,Não
Masculino,Sênior,Dados,20112,10,27,Sim,Não
Masculino,Sênior,Produto,14852,9,57,Não,Não
Masculino,Sênior,UX/UI,17629,10,39,Não,Não
Masculino,Especialista,UX/UI,25054,16,49,Não,Não
Masculino,Júnior,Gestão,6353,2,12,Não,Não
Feminino,Pleno,UX/UI,6144,4,20,Não,Sim
Feminino,Sênior,Infraestrutura,14711,10,33,Não,Sim
Masculino,Júnior,Dados,5523,2,19,Não,Não
Masculino,Sênior,Produto,14632,7,47,Não,Não
Masculino,Sênior,Infraestrutura,14781,12,59,Não,Não
Feminino,Júnior,Gestão,4898,0,1,Não,Sim
Feminino,Pleno,Infraestrutura,6446,3,25,Sim,Sim
Masculino,Júnior,Dados,6937,3,29,Não,Sim
Masculino,Júnior,Produto,6449,2,3,Não,Sim
Masculino,Pleno,Desenvolvimento,9068,6,50,Não,Não
Masculino,Sênior,Produto,19046,7,36,Não,Não
Masculino,Especialista,UX/UI,27437,15,44,Sim,Não
Masculino,Júnior,UX/UI,7184,2,20,Sim,Não
Feminino,Sênior,Gestão,14253,12,29,Sim,Não
Masculino,Especialista,Infraestrutura,18893,11,48,Não,Não
Masculino,Estagiário,UX/UI,2624,2,4,Não,Sim
Masculino,Júnior,Gestão,6478,2,18,Não,Não
Feminino,Estagiário,Infraestrutura,2261,2,22,Não,Não
Masculino,Pleno,Desenvolvimento,11183,3,5,Não,Não
Feminino,Especialista,UX/UI,18381,10,19,Não,Sim
Masculino,Pleno,Gestão,12101,4,13,Não,Não
Feminino,Júnior,Desenvolvimento,5030,2,11,Não,Não
Masculino,Executivo/C-Level,Dados,49063,23,52,Não,Não
Feminino,Gerente,Desenvolvimento,14189,12,15,Não,Sim
Feminino,Gerente,Gestão,15811,11,27,Não,Não
Masculino,Júnior,Dados,6717,1,10,Não,Não
Masculino,Sênior,Infraestrutura,15107,10,59,Não,Não
Feminino,Gerente,Infraestrutura,13540,10,21,Não,Sim
Masculino,Sênior,Dados,21210,12,21,Não,Não
Masculino,Gerente,Infraestrutura,19079,12,10,Sim,Não
Feminino,Pleno,Gestão,7479,4,39,Sim,Sim
Feminino,Pleno,Dados,8299,6,46,Não,Não
Masculino,Especialista,Produto,22421,10,60,Não,Não
Feminino,Sênior,Dados,18031,6,12,Não,Não
Feminino,Júnior,Dados,5694,0,1,Não,Não
Masculino,Especialista,Infraestrutura,25399,18,7,Não,Não
Feminino,Pleno,Dados,6584,6,48,Não,Sim
Masculino,Gerente,Produto,18727,12,30,Não,Não
Masculino,Gerente,Gestão,23400,15,54,Sim,Não
Masculino,Gerente,Gestão,22775,10,26,Não,Sim
Masculino,Gerente,Infraestrutura,20097,15,6,Não,Não
Feminino,Sênior,Dados,12062,6,6,Não,Sim
Feminino,Sênior,Infraestrutura,16282,10,40,Não,Sim
Masculino,Sênior,UX/UI,15229,11,56,Não,Sim
Feminino,Júnior,Desenvolvimento,4819,2,24,Não,Não
Masculino,Estagiário,UX/UI,3113,1,8,Não,Não
Masculino,Sênior,Dados,17359,9,30,Não,Não
Masculino,Júnior,Gestão,5257,1,1,Sim,Não
Masculino,Sênior,Desenvolvimento,16444,12,39,Não,Sim
Masculino,Júnior,Dados,7207,2,20,Não,Não
Feminino,Gerente,Dados,14274,13,3,Não,Não
Feminino,Estagiário,Gestão,1813,1,3,Não,Não
Feminino,Estagiário,Gestão,2591,2,24,Sim,Não
Feminino,Júnior,Infraestrutura,5276,2,9,Não,Não
Masculino,Sênior,Infraestrutura,15473,9,52,Não,Não
Masculino,Estagiário,Dados,3280,0,1,Não,Não
Masculino,Executivo/C-Level,Gestão,66875,28,3,Não,Não
Masculino,Júnior,Infraestrutura,4777,2,9,Não,Não
Masculino,Júnior,Desenvolvimento,6122,2,11,Não,Não
Masculino,Júnior,Dados,6462,2,22,Não,Não
Masculino,Júnior,Produto,5872,3,35,Não,Não
Feminino,Sênior,Desenvolvimento,16042,8,37,Não,Sim
Masculino,Especialista,UX/UI,20446,15,5,Não,Sim
Feminino,Pleno,Infraestrutura,10016,4,37,Não,Não
Feminino,Sênior,UX/UI,11543,8,27,Não,Não
Masculino,Júnior,UX/UI,5327,2,2,Não,Não
Masculino,Gerente,Produto,21572,10,13,Não,Não
Masculino,Júnior,UX/UI,5340,0,1,Não,Não
Feminino,Estagiário,Gestão,2804,1,1,Não,Não
Masculino,Sênior,Infraestrutura,20213,6,37,Não,Não
Masculino,Júnior,Dados,6306,2,25,Não,Não
Masculino,Estagiário,Desenvolvimento,3052,2,18,Sim,Não
Masculino,Júnior,UX/UI,5502,2,19,Não,Não
Feminino,Júnior,Gestão,5331,1,1,Sim,Sim
Masculino,Sênior,Infraestrutura,20849,10,41,Não,Não
Masculino,Especialista,UX/UI,26740,20,52,Sim,Não
Feminino,Estagiário,Gestão,1715,2,15,Não,Não
Masculino,Júnior,Dados,6105,2,12,Não,Não
Masculino,Pleno,UX/UI,11893,3,5,Sim,Não
Feminino,Sênior,UX/UI,11821,10,37,Não,Sim
Masculino,Especialista,Desenvolvimento,24566,18,30,Não,Não
Masculino,Diretor,Dados,39164,18,5,Não,Não
Masculino,Sênior,Produto,19686,8,35,Não,Não
Masculino,Sênior,Infraestrutura,18851,9,8,Não,Não
Masculino,Júnior,Produto,6950,3,5,Sim,Não
Feminino,Júnior,Produto,4419,0,1,Não,Não
Masculino,Sênior,Dados,16387,9,35,Não,Não
Masculino,Gerente,Infraestrutura,20989,12,37,Não,Não
Feminino,Diretor,UX/UI,34637,21,1,Sim,Não
Masculino,Estagiário,Desenvolvimento,2224,2,12,Não,Não
Masculino,Sênior,Infraestrutura,19830,11,21,Não,Não
Masculino,Júnior,Infraestrutura,6775,1,4,Não,Não
Feminino,Júnior,Dados,3355,1,3,Sim,Não
Masculino,Estagiário,Dados,2933,2,14,Não,Não
Feminino,Júnior,Gestão,4898,3,36,Não,Sim
Masculino,Júnior,Infraestrutura,6737,2,14,Não,Sim
Masculino,Sênior,Produto,17944,6,38,Não,Sim
Feminino,Diretor,Gestão,34020,24,18,Não,Não
Masculino,Diretor,Infraestrutura,38239,13,44,Não,Não
Masculino,Pleno,Desenvolvimento,10715,6,37,Não,Não
Feminino,Júnior,UX/UI,5164,2,24,Não,Não
Feminino,Sênior,UX/UI,12806,10,2,Sim,Sim
Feminino,Estagiário,UX/UI,1847,1,5,Sim,Sim
Masculino,Sênior,Dados,15436,8,52,Não,Não
Masculino,Especialista,Gestão,20376,15,6,Não,Não
Feminino,Sênior,Produto,14257,7,43,Não,Não
Masculino,Especialista,UX/UI,20745,11,4,Não,Não
Masculino,Júnior,Gestão,5575,3,31,Sim,Não
Masculino,Pleno,Produto,8336,5,34,Sim,Não
Masculino,Sênior,Produto,16233,11,55,Não,Não
Masculino,Sênior,Infraestrutura,19531,9,50,Não,Não
Masculino,Pleno,Dados,12486,4,21,Sim,Sim
Masculino,Estagiário,Produto,2719,0,1,Não,Não
Masculino,Sênior,Desenvolvimento,19378,6,39,Não,Não
Masculino,Sênior,Desenvolvimento,21015,6,6,Não,Não
Feminino,Pleno,Infraestrutura,7206,4,8,Não,Não
Feminino,Sênior,UX/UI,16543,11,43,Não,Não
Masculino,Pleno,Produto,10168,3,17,Não,Sim
Feminino,Pleno,Dados,8925,4,42,Não,Não
Masculino,Sênior,Produto,14597,6,3,Sim,Não
Feminino,Especialista,Desenvolvimento,14998,12,42,Não,Não
Feminino,Estagiário,Gestão,2350,2,25,Não,Não
Masculino,Estagiário,Dados,2987,2,25,Sim,Não
Feminino,Pleno,UX/UI,6732,6,4,Não,Não
Feminino,Pleno,UX/UI,6960,4,36,Não,Não
Masculino,Pleno,Infraestrutura,9552,3,29,Sim,Não
Feminino,Júnior,Gestão,5376,3,5,Não,Não
Feminino,Estagiário,Desenvolvimento,2553,0,1,Sim,Não
Masculino,Gerente,Infraestrutura,19817,10,48,Não,Sim
Masculino,Estagiário,Infraestrutura,2497,2,2,Não,Sim
Masculino,Gerente,Desenvolvimento,18796,9,30,Não,Sim
Feminino,Pleno,Desenvolvimento,7504,4,5,Não,Não
Masculino,Sênior,Infraestrutura,20852,7,21,Não,Não
Masculino,Pleno,Dados,9157,3,18,Não,Não
Masculino,Pleno,Dados,8818,3,9,Não,Não
Masculino,Estagiário,Dados,2013,1,2,Sim,Não
Feminino,Especialista,Gestão,20797,16,45,Não,Não
Masculino,Sênior,Dados,15474,6,39,Não,Não
Masculino,Pleno,UX/UI,9930,3,36,Não,Não
Feminino,Júnior,Gestão,5669,1,8,Não,Sim
Feminino,Sênior,Infraestrutura,11545,9,32,Não,Sim
Masculino,Pleno,Dados,11712,5,40,Sim,Não
Feminino,Júnior,Dados,4908,0,1,Não,Não
Masculino,Sênior,Dados,20381,8,15,Sim,Não
Masculino,Especialista,Produto,21615,16,58,Sim,Não
Masculino,Júnior,Produto,6086,3,12,Não,Não
Masculino,Diretor,UX/UI,32168,15,22,Sim,Não
Masculino,Especialista,Desenvolvimento,20804,17,27,Não,Não
Masculino,Especialista,Dados,20784,20,40,Não,Não
Masculino,Especialista,Produto,21546,17,56,Não,Não
Masculino,Pleno,Infraestrutura,10681,4,16,Não,Não
Feminino,Especialista,Dados,13751,10,27,Não,Sim
Masculino,Especialista,Produto,26114,11,29,Não,Não
Masculino,Pleno,Infraestrutura,10936,4,9,Não,Não
Masculino,Sênior,Produto,17762,7,46,Não,Não
Masculino,Pleno,Produto,11320,4,46,Não,Não
Masculino,Sênior,Infraestrutura,14579,12,41,Não,Não
Masculino,Pleno,UX/UI,12443,5,45,Não,Não
Feminino,Especialista,Gestão,19833,10,33,Sim,Não
Masculino,Sênior,Dados,18593,11,5,Não,Não
Feminino,Pleno,Dados,10530,6,48,Não,Não
Masculino,Pleno,UX/UI,8446,6,18,Sim,Não
Masculino,Especialista,Gestão,26714,17,46,Não,Não
Masculino,Pleno,Gestão,11750,3,13,Sim,Não
Masculino,Júnior,Desenvolvimento,7355,2,4,Sim,Não
Masculino,Estagiário,Infraestrutura,3108,1,11,Não,Não
Masculino,Sênior,Infraestrutura,14515,8,13,Sim,Não
Feminino,Pleno,Gestão,8669,6,38,Não,Não
Masculino,Pleno,Gestão,9080,5,37,Não,Não
Feminino,Pleno,Dados,7084,5,4,Não,Sim
Feminino,Pleno,Infraestrutura,6921,4,12,Sim,Não
Masculino,Júnior,UX/UI,5908,0,1,Sim,Não
Feminino,Júnior,Gestão,5331,0,1,Não,Não
Feminino,Gerente,Gestão,16301,13,42,Não,Não
Masculino,Especialista,Dados,19840,17,22,Não,Não
Masculino,Júnior,Gestão,7029,0,1,Não,Não
Masculino,Sênior,Desenvolvimento,18312,7,38,Não,Não
Masculino,Estagiário,Desenvolvimento,3375,1,11,Não,Não
Masculino,Pleno,Produto,11256,3,24,Sim,Não
Masculino,Estagiário,UX/UI,2630,1,6,Não,Não
Masculino,Gerente,Infraestrutura,23249,14,52,Não,Não
Feminino,Sênior,Produto,16562,9,9,Sim,Sim
Masculino,Executivo/C-Level,Gestão,83710,17,60,Não,Sim
Masculino,Pleno,UX/UI,12652,6,46,Não,Sim
Masculino,Júnior,Produto,5736,3,3,Não,Não
Masculino,Júnior,Produto,5575,0,1,Não,Não
Masculino,Sênior,Desenvolvimento,15469,8,27,Não,Não
Masculino,Especialista,Desenvolvimento,27812,17,5,Não,Não
Masculino,Sênior,UX/UI,20703,9,45,Sim,Não
Masculino,Júnior,UX/UI,5809,0,1,Não,Não
Masculino,Júnior,Desenvolvimento,4699,3,23,Não,Não
Feminino,Júnior,Gestão,3889,1,13,Não,Não
Feminino,Júnior,UX/UI,5308,2,4,Não,Sim
Masculino,Especialista,UX/UI,20671,16,22,Sim,Não
Masculino,Especialista,Dados,26612,18,40,Não,Não
Feminino,Júnior,Desenvolvimento,4188,0,1,Não,Não
Feminino,Pleno,Gestão,7694,5,12,Não,Sim
Feminino,Pleno,Dados,7234,5,9,Sim,Não
Masculino,Especialista,Produto,19766,10,13,Sim,Não
Masculino,Júnior,Produto,4771,2,2,Não,Sim
Masculino,Gerente,Desenvolvimento,19277,11,38,Não,Não
Masculino,Gerente,Infraestrutura,18630,13,23,Não,Não
Masculino,Sênior,Gestão,18736,6,53,Não,Não
Feminino,Júnior,UX/UI,4468,0,1,Não,Não
Masculino,Diretor,Infraestrutura,39626,14,54,Não,Não
Masculino,Júnior,Produto,6408,2,4,Sim,Sim
Feminino,Júnior,Infraestrutura,4582,0,1,Não,Não
Feminino,Júnior,Produto,4693,3,19,Sim,Não
Feminino,Estagiário,Dados,2503,2,16,Não,Sim
Masculino,Sênior,Produto,21579,6,48,Não,Não
Masculino,Pleno,Dados,9907,6,8,Não,Não
Masculino,Especialista,Infraestrutura,24557,19,18,Não,Não
Feminino,Pleno,Produto,6605,4,30,Não,Sim
Feminino,Estagiário,Desenvolvimento,2429,0,1,Não,Não
Masculino,Sênior,Gestão,19415,12,5,Não,Não
Feminino,Júnior,Dados,4982,3,32,Não,Não
Feminino,Diretor,Desenvolvimento,32685,13,25,Não,Sim
Masculino,Gerente,UX/UI,23056,10,32,Sim,Não
Masculino,Sênior,Desenvolvimento,18536,9,43,Não,Não
Masculino,Pleno,Dados,12052,6,17,Não,Não
Feminino,Júnior,UX/UI,4130,0,1,Não,Sim
Feminino,Júnior,UX/UI,4623,3,23,Sim,Sim
Masculino,Sênior,UX/UI,21118,11,5,Não,Não
Masculino,Estagiário,UX/UI,3163,2,14,Não,Não
Masculino,Sênior,Produto,18672,8,25,Não,Não
Feminino,Pleno,Desenvolvimento,9477,4,22,Não,Não
Masculino,Júnior,Produto,5677,0,1,Não,Não
Masculino,Sênior,Dados,20915,6,46,Não,Não
Masculino,Especialista,Gestão,21436,17,28,Não,Sim
Feminino,Sênior,Gestão,14083,9,43,Não,Não
Feminino,Júnior,Gestão,5386,0,1,Não,Não
Masculino,Pleno,Infraestrutura,12637,6,60,Não,Sim
Masculino,Júnior,Produto,7307,1,12,Não,Não
Masculino,Sênior,Desenvolvimento,16186,12,27,Não,Não
Masculino,Júnior,Gestão,5114,1,2,Não,Não
Feminino,Pleno,Produto,6245,6,28,Não,Sim
Feminino,Pleno,UX/UI,6976,4,42,Não,Sim
Feminino,Júnior,Desenvolvimento,5110,2,3,Não,Não
Feminino,Júnior,Dados,5404,0,1,Não,Sim
Feminino,Sênior,UX/UI,16734,11,25,Não,Sim
Masculino,Pleno,UX/UI,12829,5,56,Sim,Não
Feminino,Júnior,Desenvolvimento,5523,3,31,Não,Sim
Masculino,Especialista,UX/UI,27925,10,42,Sim,Não
Feminino,Pleno,Desenvolvimento,9674,4,17,Não,Não
Feminino,Especialista,Gestão,15047,17,25,Não,Não
Masculino,Júnior,Dados,7086,1,8,Não,Não
Masculino,Júnior,Desenvolvimento,6429,0,1,Não,Não
Masculino,Gerente,Produto,18627,9,53,Não,Não
Masculino,Sênior,Gestão,16676,10,48,Não,Sim
Masculino,Júnior,Infraestrutura,4512,3,9,Não,Não
Masculino,Júnior,Desenvolvimento,7422,1,9,Não,Não
Feminino,Pleno,Gestão,9845,5,29,Não,Sim
Masculino,Especialista,UX/UI,24791,13,6,Não,Não
Masculino,Júnior,Gestão,4864,0,1,Não,Não
Feminino,Estagiário,Dados,2449,2,14,Sim,Não
Masculino,Pleno,Infraestrutura,12048,6,53,Sim,Não
Masculino,Júnior,UX/UI,5033,3,25,Não,Não
Masculino,Sênior,UX/UI,15477,7,27,Não,Sim
Masculino,Júnior,UX/UI,6014,3,16,Não,Não
Masculino,Júnior,Produto,6128,2,23,Não,Não
Feminino,Pleno,Infraestrutura,9251,3,7,Não,Sim
Feminino,Gerente,Gestão,15831,8,1,Não,Não
Masculino,Estagiário,Gestão,2347,0,1,Não,Não
Feminino,Estagiário,Dados,2151,2,17,Sim,Sim
Masculino,Sênior,UX/UI,21395,9,19,Não,Não
Feminino,Pleno,UX/UI,8584,6,11,Não,Não
Feminino,Sênior,Infraestrutura,11199,6,13,Não,Não
Masculino,Executivo/C-Level,Desenvolvimento,73935,30,3,Não,Não
Masculino,Júnior,Produto,5931,1,2,Sim,Não
Masculino,Sênior,Dados,18614,12,18,Não,Não
Masculino,Pleno,Desenvolvimento,8629,4,27,Não,Não
Masculino,Estagiário,UX/UI,2249,2,22,Não,Não
Feminino,Júnior,UX/UI,5937,0,1,Não,Não
Masculino,Sênior,Desenvolvimento,21761,9,21,Não,Não
Feminino,Estagiário,Gestão,2176,0,1,Não,Não
Masculino,Júnior,UX/UI,4584,3,6,Não,Não
Feminino,Pleno,UX/UI,8188,4,8,Não,Não
Feminino,Júnior,Dados,4962,0,1,Não,Não
Masculino,Especialista,Desenvolvimento,21053,15,40,Não,Não
Masculino,Diretor,UX/UI,33081,22,15,Não,Não
Masculino,Júnior,Desenvolvimento,6456,3,6,Não,Não
Feminino,Sênior,UX/UI,13013,10,28,Não,Não
Masculino,Estagiário,Produto,3164,2,24,Não,Não
Masculino,Estagiário,Gestão,2947,2,22,Não,Não
Masculino,Pleno,Desenvolvimento,12810,5,21,Não,Não
Masculino,Pleno,UX/UI,9516,4,14,Sim,Não
Masculino,Júnior,Infraestrutura,6117,0,1,Sim,Não
Masculino,Pleno,Infraestrutura,10955,6,20,Não,Não
Feminino,Estagiário,UX/UI,1774,0,1,Sim,Não
Masculino,Júnior,Infraestrutura,7064,1,7,Não,Não
Masculino,Júnior,Produto,4977,3,2,Não,Não
Feminino,Pleno,Produto,7511,6,38,Não,Sim
Masculino,Especialista,Infraestrutura,26121,16,27,Não,Não
Masculino,Estagiário,UX/UI,3051,1,8,Não,Não
Feminino,Júnior,Produto,4941,0,1,Não,Não
Feminino,Pleno,Desenvolvimento,8474,5,29,Não,Sim
Masculino,Pleno,Dados,12932,5,59,Não,Não
Masculino,Sênior,UX/UI,20824,9,27,Não,Não
Masculino,Especialista,Produto,21394,12,40,Não,Não
Feminino,Júnior,Dados,4828,1,10,Não,Não
Masculino,Executivo/C-Level,Desenvolvimento,62092,26,57,Não,Não
Feminino,Estagiário,Gestão,2139,0,1,Não,Não
Feminino,Sênior,UX/UI,13415,12,36,Não,Não
Masculino,Gerente,Desenvolvimento,23489,15,52,Não,Não
Feminino,Pleno,Gestão,6555,3,36,Não,Sim
Masculino,Júnior,UX/UI,6308,2,23,Não,Não
Feminino,Pleno,Dados,7415,5,9,Não,Não
Masculino,Pleno,Produto,10179,4,6,Não,Não
Masculino,Júnior,Infraestrutura,5065,3,15,Não,Não
Masculino,Diretor,Produto,39854,20,51,Não,Não
Feminino,Sênior,Infraestrutura,12823,6,6,Não,Sim
Masculino,Sênior,Desenvolvimento,21393,11,10,Não,Não
Feminino,Especialista,Infraestrutura,20343,14,27,Não,Não
Masculino,Estagiário,UX/UI,3250,1,9,Não,Não
Masculino,Gerente,Dados,21656,15,45,Não,Não
Masculino,Gerente,Dados,24805,9,3,Não,Não
Feminino,Pleno,Dados,6887,5,14,Não,Não
Masculino,Sênior,Gestão,20341,7,54,Não,Não
Masculino,Estagiário,Infraestrutura,3284,1,5,Não,Sim
Feminino,Júnior,Desenvolvimento,4934,0,1,Não,Não
Feminino,Pleno,Infraestrutura,7956,4,23,Não,Não
Feminino,Sênior,Gestão,14475,6,21,Não,Sim
Feminino,Estagiário,Produto,1772,0,1,Não,Não
Masculino,Especialista,Gestão,26172,14,38,Não,Não
Feminino,Sênior,Produto,11927,9,11,Não,Não
Masculino,Júnior,Gestão,6438,1,8,Sim,Não
Masculino,Sênior,Desenvolvimento,14990,9,8,Não,Não
Masculino,Pleno,Desenvolvimento,10408,5,20,Não,Não
Masculino,Pleno,Gestão,10322,5,57,Não,Não
Masculino,Pleno,Desenvolvimento,11420,3,3,Não,Não
Masculino,Especialista,UX/UI,27923,17,54,Sim,Sim
Masculino,Sênior,Produto,19962,7,56,Não,Não
Feminino,Júnior,Produto,4935,3,22,Não,Não
Masculino,Sênior,Dados,20522,10,41,Não,Não
Masculino,Sênior,Infraestrutura,18438,7,40,Não,Sim
Masculino,Especialista,Dados,18305,18,58,Sim,Não
Masculino,Júnior,Desenvolvimento,7390,1,4,Não,Não
Masculino,Sênior,Gestão,14368,9,38,Não,Não
Masculino,Pleno,Dados,10106,5,25,Sim,Não
Masculino,Júnior,UX/UI,4867,2,25,Não,Não
Feminino,Pleno,Desenvolvimento,6647,5,12,Não,Sim
Masculino,Júnior,UX/UI,5329,0,1,Não,Não
Masculino,Especialista,Gestão,22412,16,8,Sim,Não
Masculino,Estagiário,Produto,2038,2,8,Não,Não
Feminino,Sênior,Dados,13072,11,9,Não,Não
Feminino,Júnior,Dados,4343,1,13,Não,Não
Masculino,Diretor,Produto,33484,21,19,Sim,Não
Masculino,Júnior,Gestão,7089,3,23,Não,Não
Masculino,Sênior,Dados,16462,10,5,Sim,Não
Feminino,Pleno,Infraestrutura,7753,5,28,Não,Não
Masculino,Diretor,UX/UI,36946,23,29,Não,Não
Masculino,Diretor,Produto,32381,17,2,Não,Sim
Masculino,Sênior,Desenvolvimento,21334,9,36,Não,Não
Masculino,Especialista,Desenvolvimento,19270,20,42,Não,Não
Feminino,Pleno,Produto,9944,5,25,Não,Não
Masculino,Pleno,Produto,8076,4,29,Não,Sim
Masculino,Pleno,Infraestrutura,9811,3,20,Não,Não
Masculino,Pleno,UX/UI,9606,4,1,Não,Não
Masculino,Sênior,UX/UI,18520,9,11,Não,Não
Feminino,Pleno,Gestão,6347,3,9,Não,Não
Feminino,Júnior,UX/UI,5769,0,1,Não,Não
Feminino,Especialista,Desenvolvimento,18749,15,28,Não,Não
Feminino,Júnior,Infraestrutura,5206,2,14,Sim,Sim
Masculino,Especialista,Gestão,24943,13,45,Não,Não
Masculino,Pleno,UX/UI,11931,3,2,Não,Sim
Feminino,Sênior,UX/UI,13520,7,7,Não,Sim
Masculino,Gerente,Dados,17567,15,49,Não,Não
Masculino,Gerente,Desenvolvimento,17065,14,21,Não,Sim
Feminino,Júnior,Desenvolvimento,3955,3,5,Não,Não
Masculino,Júnior,Produto,6072,0,1,Não,Não
Masculino,Pleno,Desenvolvimento,12237,3,30,Não,Não
Masculino,Sênior,Gestão,20887,10,51,Não,Não
Masculino,Pleno,UX/UI,11642,6,47,Não,Sim
Masculino,Pleno,Dados,10930,6,33,Não,Não
Feminino,Pleno,Dados,9221,5,19,Não,Sim
Masculino,Especialista,Gestão,21201,16,23,Não,Não
Masculino,Pleno,Desenvolvimento,11828,6,45,Não,Não
Masculino,Sênior,UX/UI,15329,9,22,Sim,Não
Feminino,Júnior,Produto,5543,0,1,Não,Sim
Feminino,Sênior,UX/UI,12963,9,14,Não,Sim
Masculino,Júnior,Desenvolvimento,7085,3,13,Não,Não
Masculino,Júnior,Desenvolvimento,5396,2,6,Não,Não
Masculino,Júnior,Gestão,5221,1,1,Não,Não
Masculino,Júnior,Infraestrutura,5361,0,1,Não,Não
Feminino,Júnior,Infraestrutura,3718,3,5,Não,Não
Masculino,Pleno,UX/UI,10003,6,41,Não,Não
Masculino,Júnior,Gestão,5512,1,6,Sim,Não
Feminino,Gerente,Gestão,14149,15,14,Não,Não
Masculino,Especialista,Infraestrutura,26501,15,32,Não,Não
Masculino,Pleno,Infraestrutura,10198,6,31,Não,Não
Feminino,Estagiário,Infraestrutura,2412,0,1,Não,Não
Masculino,Júnior,UX/UI,4844,0,1,Não,Não
Masculino,Pleno,Desenvolvimento,11695,5,28,Não,Não
Feminino,Júnior,UX/UI,4767,0,1,Não,Sim
Feminino,Pleno,Gestão,7308,3,18,Sim,Sim
Masculino,Sênior,Dados,20104,8,20,Não,Não
Masculino,Sênior,Infraestrutura,20163,7,55,Não,Não
Masculino,Júnior,UX/UI,6161,2,13,Não,Não
Masculino,Pleno,Infraestrutura,9864,4,26,Não,Não
Masculino,Sênior,Gestão,17839,10,49,Não,Não
Feminino,Sênior,UX/UI,13118,9,45,Não,Não
Masculino,Pleno,Dados,10905,3,32,Não,Não
Feminino,Sênior,Produto,12601,11,35,Sim,Não
Masculino,Sênior,UX/UI,21485,12,39,Não,Não
Feminino,Gerente,Dados,16764,9,35,Sim,Não
Feminino,Júnior,Desenvolvimento,5831,1,1,Sim,Sim
Feminino,Júnior,Produto,5672,1,5,Não,Sim
Masculino,Pleno,Produto,12394,3,9,Não,Não
Masculino,Júnior,Dados,6270,1,5,Não,Não
Masculino,Gerente,Gestão,23519,11,33,Não,Sim
Masculino,Especialista,Desenvolvimento,22044,19,52,Não,Não
Feminino,Pleno,Produto,8297,3,6,Não,Não
Feminino,Pleno,Produto,7527,4,27,Não,Não
Feminino,Pleno,Infraestrutura,6320,6,45,Não,Não
Masculino,Sênior,Desenvolvimento,15779,11,58,Não,Não
Feminino,Executivo/C-Level,Desenvolvimento,63562,17,7,Não,Não
Masculino,Estagiário,Produto,3383,2,23,Não,Não
Feminino,Júnior,Dados,4014,0,1,Não,Não
Masculino,Pleno,Desenvolvimento,11585,4,46,Sim,Não
Feminino,Sênior,Dados,11779,10,7,Não,Sim
Feminino,Júnior,Infraestrutura,3941,3,23,Sim,Não
Feminino,Sênior,Infraestrutura,15946,11,43,Sim,Não
Masculino,Especialista,Desenvolvimento,22091,13,60,Não,Não
Masculino,Estagiário,Produto,2393,0,1,Não,Sim
Feminino,Sênior,Desenvolvimento,12448,12,43,Sim,Não
Masculino,Júnior,Infraestrutura,6118,1,9,Não,Sim
Masculino,Pleno,UX/UI,10590,3,26,Sim,Não
Masculino,Especialista,Infraestrutura,24045,20,40,Sim,Não
Masculino,Pleno,Gestão,12662,3,35,Não,Não
Masculino,Sênior,Infraestrutura,21965,11,60,Não,Sim
Masculino,Pleno,Infraestrutura,10745,6,5,Sim,Não
Masculino,Sênior,Gestão,18812,7,33,Não,Sim
Masculino,Pleno,Desenvolvimento,9995,6,49,Não,Sim
Masculino,Júnior,UX/UI,7129,3,14,Sim,Não
Masculino,Sênior,Produto,16278,8,9,Não,Não
Masculino,Sênior,Produto,14194,8,49,Não,Não
Masculino,Pleno,Dados,9822,4,44,Não,Não
Masculino,Sênior,Produto,18027,6,56,Sim,Não
Masculino,Gerente,Dados,18845,10,6,Não,Não
Feminino,Pleno,Dados,9038,6,47,Não,Sim
Masculino,Pleno,Dados,9649,6,41,Não,Não
Masculino,Pleno,UX/UI,11615,4,31,Não,Não
Masculino,Especialista,Dados,24249,17,2,Não,Sim
Feminino,Pleno,UX/UI,7157,4,36,Não,Não
Masculino,Pleno,Desenvolvimento,9267,6,13,Não,Sim
Feminino,Sênior,Infraestrutura,16742,9,26,Não,Não
Masculino,Estagiário,Gestão,2788,0,1,Não,Não
Feminino,Sênior,UX/UI,13248,12,47,Não,Não
Feminino,Sênior,Produto,11873,7,31,Não,Sim
Feminino,Júnior,Dados,4195,3,10,Não,Não
Masculino,Sênior,Desenvolvimento,19784,9,26,Não,Não
Masculino,Gerente,Dados,22993,10,54,Não,Não
Feminino,Especialista,Infraestrutura,20110,19,20,Não,Sim
Masculino,Especialista,UX/UI,21432,14,48,Não,Não
Masculino,Especialista,Dados,19144,10,7,Não,Não
Masculino,Sênior,UX/UI,17069,7,12,Não,Sim
Masculino,Gerente,Gestão,19482,15,37,Não,Sim
Masculino,Júnior,Dados,7067,3,29,Não,Sim
Masculino,Júnior,Desenvolvimento,5633,3,8,Sim,Sim
Masculino,Sênior,Produto,14500,6,1,Não,Não
Feminino,Estagiário,Desenvolvimento,2205,2,1,Não,Não
Masculino,Sênior,UX/UI,19585,8,24,Não,Não
Feminino,Pleno,UX/UI,7090,6,40,Não,Sim
Feminino,Sênior,Produto,14074,7,2,Não,Não
Masculino,Sênior,Produto,17892,11,56,Não,Não
Masculino,Diretor,Infraestrutura,28544,25,21,Não,Não
Feminino,Júnior,Infraestrutura,5471,3,15,Não,Não
Feminino,Diretor,Produto,25369,25,45,Não,Sim
Masculino,Gerente,Gestão,24158,8,9,Não,Não
Feminino,Diretor,Gestão,35592,19,11,Não,Não
Masculino,Sênior,Infraestrutura,19863,6,28,Sim,Não
Masculino,Especialista,Produto,22220,13,47,Não,Não
Feminino,Estagiário,Infraestrutura,2732,2,21,Não,Não
Masculino,Estagiário,Gestão,3469,1,7,Não,Não
Feminino,Gerente,Gestão,14913,14,15,Não,Sim
Masculino,Gerente,Gestão,22025,9,37,Sim,Não
Masculino,Estagiário,Infraestrutura,2794,0,1,Não,Não
Masculino,Gerente,Infraestrutura,19639,10,34,Sim,Sim
Feminino,Estagiário,UX/UI,2432,1,4,Não,Não
Feminino,Estagiário,Infraestrutura,2540,1,5,Sim,Não
Masculino,Pleno,Dados,10729,6,4,Não,Não
Feminino,Sênior,Dados,16470,6,12,Não,Não
Feminino,Pleno,Desenvolvimento,9964,5,28,Não,Não
Masculino,Gerente,Infraestrutura,18144,14,7,Não,Não
Feminino,Sênior,Desenvolvimento,14234,11,20,Não,Não
Feminino,Júnior,Dados,5239,1,12,Não,Não
Feminino,Júnior,Dados,3502,3,11,Não,Sim
Masculino,Sênior,Gestão,21944,10,28,Sim,Não
Masculino,Júnior,Desenvolvimento,7317,3,20,Não,Não
Feminino,Diretor,Infraestrutura,25229,22,43,Não,Não
Feminino,Estagiário,UX/UI,1762,0,1,Não,Sim
Masculino,Pleno,Gestão,11145,3,12,Não,Não
Masculino,Júnior,Gestão,7423,2,3,Não,Não
Masculino,Estagiário,Infraestrutura,3085,2,18,Não,Não
Masculino,Especialista,Infraestrutura,21399,20,8,Não,Não
Masculino,Sênior,Gestão,17663,6,36,Não,Sim
Masculino,Sênior,Dados,16103,6,36,Não,Sim
Feminino,Júnior,Gestão,5252,1,7,Não,Não
Feminino,Pleno,Infraestrutura,9691,4,37,Não,Não
Masculino,Sênior,Dados,14366,11,53,Não,Não
Masculino,Diretor,Dados,35079,21,36,Não,Não
Feminino,Estagiário,Produto,2228,1,5,Não,Não
Feminino,Estagiário,Infraestrutura,2666,0,1,Não,Não
Masculino,Sênior,Infraestrutura,15343,10,39,Não,Não
Feminino,Júnior,Produto,4169,1,2,Sim,Sim
Masculino,Gerente,UX/UI,19698,12,10,Não,Sim
Feminino,Júnior,Dados,4112,0,1,Não,Não
Masculino,Sênior,UX/UI,18518,12,19,Não,Sim
Masculino,Gerente,UX/UI,21655,14,12,Não,Não
Feminino,Pleno,Gestão,9562,6,31,Sim,Não
Masculino,Sênior,Produto,21523,8,4,Não,Não
Feminino,Pleno,Dados,8814,6,46,Não,Não
Masculino,Pleno,Produto,8712,4,20,Não,Não
Masculino,Sênior,Desenvolvimento,15966,6,47,Não,Não
Masculino,Júnior,Infraestrutura,6236,3,1,Não,Não
Masculino,Pleno,Produto,8113,3,26,Não,Não
Feminino,Júnior,Infraestrutura,6015,2,8,Não,Não
Masculino,Pleno,Gestão,12288,4,44,Não,Não
Masculino,Pleno,Dados,12059,3,28,Não,Não
Masculino,Júnior,Infraestrutura,5725,0,1,Não,Não
Masculino,Sênior,Infraestrutura,16497,7,60,Não,Não
Masculino,Gerente,Desenvolvimento,21828,15,4,Sim,Não
Masculino,Estagiário,Desenvolvimento,2823,2,6,Não,Sim
Masculino,Pleno,Desenvolvimento,9014,4,27,Não,Sim
Feminino,Júnior,UX/UI,4408,3,24,Não,Não
Feminino,Sênior,Infraestrutura,13723,7,9,Sim,Não
Masculino,Estagiário,UX/UI,2678,1,7,Não,Não
Masculino,Diretor,Produto,41798,16,8,Não,Não
Feminino,Júnior,Dados,6214,3,33,Não,Sim
Masculino,Júnior,Desenvolvimento,4555,2,17,Não,Não
Feminino,Júnior,UX/UI,4926,0,1,Não,Não
Masculino,Júnior,Gestão,4971,2,25,Não,Não
Masculino,Júnior,Produto,5272,0,1,Não,Não
Masculino,Júnior,Dados,5621,3,3,Não,Não
Masculino,Júnior,Gestão,6168,0,1,Não,Não
Feminino,Júnior,Dados,5118,3,4,Sim,Sim
Masculino,Sênior,UX/UI,21332,7,21,Sim,Sim
Masculino,Pleno,Infraestrutura,10295,5,31,Não,Sim
Masculino,Pleno,Produto,8793,5,8,Não,Não
Feminino,Júnior,Dados,5447,2,24,Não,Não
Masculino,Júnior,Desenvolvimento,6902,0,1,Não,Não
Feminino,Sênior,Dados,17157,6,5,Não,Não
Masculino,Júnior,Infraestrutura,6212,1,4,Não,Não
Feminino,Gerente,Gestão,14879,13,29,Sim,Não
Masculino,Júnior,Desenvolvimento,5028,2,23,Não,Não
Masculino,Júnior,Infraestrutura,7304,3,32,Não,Não
Masculino,Especialista,Produto,24393,16,36,Não,Não
Masculino,Sênior,Dados,14072,10,45,Não,Não
Masculino,Sênior,Infraestrutura,20983,8,20,Não,Não
Masculino,Júnior,Dados,4660,1,5,Não,Não
Masculino,Júnior,Dados,5360,0,1,Não,Sim
Masculino,Diretor,Gestão,36652,17,6,Não,Não
Masculino,Executivo/C-Level,UX/UI,68296,15,53,Não,Não
Masculino,Pleno,Desenvolvimento,10108,3,25,Não,Não
Masculino,Júnior,Produto,6882,2,7,Não,Não
Masculino,Júnior,Produto,5107,3,24,Não,Sim
Masculino,Especialista,Dados,27333,12,13,Não,Não
Masculino,Pleno,Desenvolvimento,12979,4,26,Não,Sim
Masculino,Gerente,Produto,24630,14,7,Sim,Não
Masculino,Pleno,Desenvolvimento,8111,3,8,Não,Não
Masculino,Especialista,Dados,27824,14,10,Sim,Não
Feminino,Pleno,Desenvolvimento,6541,5,46,Não,Não
Masculino,Pleno,UX/UI,12452,4,4,Não,Não
Masculino,Júnior,Desenvolvimento,6595,2,4,Não,Não
Masculino,Estagiário,Dados,2301,1,7,Não,Não
Feminino,Júnior,Infraestrutura,4357,0,1,Não,Não
Masculino,Júnior,UX/UI,6976,0,1,Não,Não
Masculino,Sênior,Dados,19466,7,58,Não,Não
Masculino,Júnior,Desenvolvimento,5587,3,24,Não,Não
Masculino,Especialista,Desenvolvimento,20401,12,50,Não,Não
Feminino,Sênior,Produto,14623,6,37,Não,Sim
Feminino,Sênior,Dados,14016,8,21,Não,Não
Masculino,Gerente,Infraestrutura,25000,14,27,Não,Não
Masculino,Pleno,Dados,12733,6,34,Não,Não
Masculino,Júnior,Desenvolvimento,4570,0,1,Não,Não
Masculino,Estagiário,Desenvolvimento,2285,1,6,Não,Sim
Feminino,Júnior,Produto,3762,1,1,Não,Sim
Feminino,Gerente,Infraestrutura,14240,13,4,Sim,Não
Masculino,Júnior,UX/UI,4551,1,2,Não,Não
Masculino,Pleno,Dados,12320,4,48,Não,Não
Masculino,Pleno,UX/UI,8911,3,19,Não,Não
Masculino,Pleno,Dados,11470,3,26,Não,Não
Masculino,Gerente,UX/UI,19724,12,46,Não,Não
Feminino,Júnior,Gestão,4154,1,12,Sim,Não
Feminino,Sênior,Gestão,13957,12,45,Não,Não
Masculino,Sênior,UX/UI,14888,7,18,Sim,Não
Feminino,Estagiário,UX/UI,2305,1,3,Não,Sim
Feminino,Pleno,Dados,7545,3,16,Não,Sim
Feminino,Estagiário,Produto,1923,1,2,Não,Não
Masculino,Sênior,Produto,19527,7,45,Sim,Não
Feminino,Pleno,Desenvolvimento,10473,4,2,Não,Sim
Masculino,Pleno,Infraestrutura,9766,3,15,Não,Não
Feminino,Diretor,Dados,30535,20,34,Não,Não
Feminino,Especialista,Desenvolvimento,16502,20,25,Não,Sim
Masculino,Executivo/C-Level,Infraestrutura,45979,18,52,Sim,Não
Masculino,Pleno,Desenvolvimento,9390,6,21,Não,Não
Masculino,Pleno,UX/UI,11774,3,12,Não,Não
Masculino,Sênior,Produto,21960,7,8,Não,Sim
Feminino,Júnior,Produto,4719,1,8,Não,Sim
Masculino,Júnior,Produto,5502,0,1,Não,Não
Masculino,Júnior,Desenvolvimento,6135,1,10,Não,Não
Feminino,Estagiário,Infraestrutura,2615,1,8,Não,Sim
Masculino,Gerente,Desenvolvimento,23096,14,50,Não,Não
Masculino,Pleno,Gestão,10280,6,8,Não,Não
Feminino,Pleno,Dados,6923,5,37,Não,Sim
Feminino,Gerente,Produto,16068,11,4,Não,Não
Masculino,Júnior,Desenvolvimento,4834,2,13,Não,Não
Feminino,Júnior,Gestão,3493,2,6,Não,Não
Masculino,Gerente,UX/UI,24773,15,31,Não,Não
Feminino,Especialista,UX/UI,14378,19,25,Não,Sim
Feminino,Pleno,Gestão,7748,5,43,Não,Não
Masculino,Pleno,Infraestrutura,9029,3,29,Não,Não
Masculino,Júnior,Desenvolvimento,7352,1,7,Não,Não
Masculino,Júnior,UX/UI,6862,1,11,Não,Não
Masculino,Gerente,UX/UI,24177,9,45,Não,Não
Masculino,Especialista,UX/UI,23502,16,34,Sim,Não
Masculino,Sênior,Dados,17570,7,35,Não,Não
Feminino,Pleno,Produto,6547,3,6,Sim,Sim
Feminino,Especialista,Gestão,19851,11,41,Não,Não
Masculino,Sênior,Produto,21015,6,13,Não,Sim
Feminino,Júnior,Produto,4923,3,1,Não,Não
Masculino,Sênior,Produto,21447,6,58,Não,Sim
Masculino,Especialista,UX/UI,27829,18,53,Não,Não
Masculino,Júnior,Produto,7024,3,13,Não,Não
Feminino,Júnior,Gestão,5102,3,12,Não,Sim
Feminino,Estagiário,Gestão,2728,2,13,Não,Sim
Masculino,Estagiário,Desenvolvimento,3287,1,1,Não,Não
Masculino,Gerente,Gestão,22265,9,37,Sim,Não
Feminino,Pleno,Infraestrutura,7988,5,12,Não,Sim
Feminino,Sênior,Infraestrutura,15408,12,25,Sim,Sim
Masculino,Sênior,Desenvolvimento,14847,10,56,Sim,Não
Masculino,Júnior,Dados,4816,1,2,Não,Não
Feminino,Estagiário,Produto,1684,0,1,Não,Sim
Masculino,Sênior,UX/UI,15319,9,52,Não,Sim
Masculino,Sênior,Gestão,14960,12,3,Não,Não
Masculino,Sênior,Gestão,18274,6,11,Não,Não
Masculino,Pleno,Desenvolvimento,10989,4,14,Sim,Não
Masculino,Estagiário,Dados,2548,2,5,Não,Não
Masculino,Sênior,Infraestrutura,20104,8,30,Não,Não
Feminino,Júnior,Dados,5659,1,11,Não,Não
Masculino,Diretor,Dados,42619,19,28,Não,Não
Feminino,Estagiário,Gestão,1908,1,7,Não,Sim
Masculino,Diretor,Desenvolvimento,41428,16,38,Não,Não
Masculino,Pleno,Gestão,9473,3,8,Não,Não
Masculino,Estagiário,Dados,2761,2,12,Sim,Não
Masculino,Estagiário,Infraestrutura,2953,1,4,Não,Não
Masculino,Pleno,Desenvolvimento,9781,4,34,Sim,Não
Masculino,Estagiário,Infraestrutura,3397,2,14,Não,Não
Masculino,Estagiário,Dados,2095,1,8,Não,Não
Masculino,Sênior,Dados,15936,10,25,Não,Não
Masculino,Executivo/C-Level,Gestão,53589,29,19,Não,Não
Feminino,Estagiário,Gestão,1674,2,1,Não,Não
Masculino,Pleno,UX/UI,8385,5,32,Não,Não
Masculino,Diretor,Infraestrutura,40252,13,54,Não,Sim
Masculino,Júnior,Desenvolvimento,7466,2,23,Não,Não
Masculino,Especialista,UX/UI,18860,18,1,Não,Não
Masculino,Estagiário,UX/UI,3254,1,12,Não,Não
Feminino,Pleno,Dados,8755,3,9,Não,Não
Masculino,Sênior,Produto,15970,10,34,Não,Não
Feminino,Sênior,UX/UI,11197,9,15,Não,Sim
Masculino,Sênior,Dados,15686,11,55,Não,Sim
Masculino,Estagiário,Dados,2788,0,1,Não,Sim
Masculino,Especialista,Gestão,23134,18,55,Não,Não
Masculino,Especialista,Dados,20130,11,59,Não,Não
Feminino,Pleno,Gestão,6511,6,13,Não,Não
Masculino,Pleno,Dados,9970,3,8,Sim,Não
Masculino,Sênior,Produto,16175,9,23,Sim,Não
Masculino,Júnior,Dados,5866,3,33,Sim,Não
Masculino,Pleno,Infraestrutura,10408,6,13,Não,Não
Masculino,Pleno,Gestão,8408,6,7,Não,Não
Masculino,Gerente,Desenvolvimento,17078,12,16,Não,Não
Feminino,Sênior,Infraestrutura,11183,9,26,Não,Não
Masculino,Pleno,Dados,12884,5,46,Não,Sim
Masculino,Sênior,Infraestrutura,20984,11,20,Não,Não
Masculino,Júnior,Desenvolvimento,5080,2,15,Não,Não
Masculino,Júnior,Desenvolvimento,5199,2,3,Não,Não
Masculino,Sênior,Produto,16027,9,56,Não,Sim
Masculino,Executivo/C-Level,Infraestrutura,77974,22,34,Não,Sim
Masculino,Especialista,UX/UI,26039,15,29,Não,Não
Masculino,Júnior,Produto,5944,3,1,Não,Não
Masculino,Especialista,Infraestrutura,19847,19,31,Não,Não
Masculino,Diretor,Dados,32641,25,15,Não,Sim
Masculino,Diretor,Infraestrutura,30925,17,14,Não,Não
Masculino,Gerente,UX/UI,24632,15,57,Não,Não
Masculino,Pleno,UX/UI,10533,6,18,Não,Não
Feminino,Estagiário,Gestão,2064,1,10,Não,Não
Masculino,Pleno,Dados,12572,5,40,Não,Não
Masculino,Estagiário,UX/UI,2579,0,1,Não,Sim
Masculino,Pleno,Desenvolvimento,10059,3,4,Sim,Não
Feminino,Pleno,Gestão,7618,4,6,Não,Não
Masculino,Pleno,Desenvolvimento,11164,5,16,Não,Não
Masculino,Gerente,UX/UI,23140,12,12,Não,Não
Masculino,Especialista,Infraestrutura,24820,14,9,Não,Não
Masculino,Gerente,Gestão,19004,15,35,Não,Não
Masculino,Pleno,Dados,10929,5,33,Não,Não
Masculino,Pleno,Produto,8724,3,27,Não,Não
Masculino,Sênior,Dados,19086,8,9,Não,Não
Masculino,Júnior,Produto,6621,0,1,Não,Sim
Masculino,Júnior,Infraestrutura,6816,0,1,Não,Não
Masculino,Sênior,Infraestrutura,19873,10,48,Sim,Não
Masculino,Diretor,Infraestrutura,33071,14,15,Não,Não
Feminino,Sênior,Desenvolvimento,11617,10,45,Sim,Sim
Masculino,Júnior,Dados,6100,0,1,Sim,Sim
Masculino,Especialista,Dados,25194,18,17,Não,Não
Masculino,Estagiário,Infraestrutura,2349,0,1,Não,Não
Masculino,Júnior,Produto,6004,0,1,Não,Não
Feminino,Pleno,Desenvolvimento,6263,6,10,Sim,Não
Masculino,Gerente,Infraestrutura,21811,15,3,Não,Não
Feminino,Estagiário,UX/UI,2493,0,1,Não,Não
Masculino,Júnior,Desenvolvimento,7186,1,6,Não,Não
Feminino,Júnior,Dados,3970,2,13,Não,Não
Feminino,Sênior,Gestão,13883,10,43,Não,Não
Masculino,Estagiário,Produto,2474,0,1,Sim,Sim
Feminino,Júnior,Produto,6131,1,13,Sim,Não
Masculino,Gerente,Produto,20103,8,40,Sim,Não
Masculino,Sênior,UX/UI,21565,12,2,Não,Sim
Masculino,Executivo/C-Level,Dados,61547,21,13,Não,Não
Masculino,Júnior,Infraestrutura,6884,1,2,Sim,Não
Masculino,Especialista,Desenvolvimento,24685,10,24,Não,Não
Masculino,Sênior,Infraestrutura,18326,11,42,Não,Não
Masculino,Pleno,Produto,12576,5,40,Não,Não
Masculino,Pleno,Infraestrutura,8640,3,37,Sim,Não
Masculino,Júnior,Produto,5417,2,1,Não,Não
Feminino,Sênior,Produto,16703,6,11,Não,Sim
Masculino,Pleno,Gestão,8464,6,40,Não,Não
Masculino,Sênior,UX/UI,17452,6,22,Não,Não
Feminino,Júnior,Dados,5992,2,25,Sim,Não
Masculino,Sênior,Gestão,14289,12,52,Não,Sim
Masculino,Sênior,Infraestrutura,18517,6,57,Não,Sim
Feminino,Estagiário,Desenvolvimento,2559,2,8,Não,Não
Masculino,Estagiário,Desenvolvimento,3396,0,1,Não,Sim
Masculino,Especialista,Produto,24993,12,28,Não,Sim
Masculino,Executivo/C-Level,Gestão,57690,26,23,Não,Não
Masculino,Sênior,Desenvolvimento,20123,7,27,Não,Não
Masculino,Executivo/C-Level,Desenvolvimento,61378,15,56,Não,Sim
Masculino,Júnior,Dados,6967,2,12,Não,Não
Masculino,Pleno,Gestão,8625,3,5,Não,Não
Masculino,Especialista,Infraestrutura,22959,13,29,Não,Não
Masculino,Júnior,Infraestrutura,7358,2,11,Não,Sim
Masculino,Sênior,Produto,16291,10,32,Sim,Não
Feminino,Júnior,Gestão,4878,1,2,Não,Sim
Masculino,Sênior,Produto,14174,9,8,Não,Sim
Masculino,Pleno,Produto,10286,3,4,Não,Não
Masculino,Pleno,Produto,9685,3,15,Não,Não
Masculino,Pleno,Infraestrutura,8212,5,60,Não,Não
Masculino,Especialista,UX/UI,18448,19,14,Não,Não
Masculino,Especialista,Produto,19789,10,52,Não,Não
Feminino,Especialista,UX/UI,19780,18,30,Não,Não
Masculino,Executivo/C-Level,Infraestrutura,45995,22,9,Não,Não
Masculino,Especialista,Dados,27356,14,22,Não,Não
Masculino,Júnior,Infraestrutura,5757,0,1,Não,Não
Masculino,Pleno,Dados,8072,3,29,Não,Não
Masculino,Júnior,Gestão,5632,0,1,Não,Não
Feminino,Júnior,Produto,4856,2,9,Não,Sim
Masculino,Júnior,Desenvolvimento,7303,0,1,Não,Não
Masculino,Sênior,Gestão,16122,6,46,Não,Sim
Feminino,Pleno,UX/UI,8061,3,16,Não,Sim
Masculino,Pleno,Dados,11407,5,54,Sim,Não
Masculino,Pleno,Desenvolvimento,11343,5,22,Não,Não
Feminino,Pleno,UX/UI,6374,4,24,Não,Sim
Masculino,Pleno,UX/UI,11103,5,14,Não,Sim
Feminino,Sênior,Produto,16117,11,6,Não,Sim
Masculino,Sênior,Gestão,18415,11,27,Não,Não
Masculino,Sênior,Desenvolvimento,18262,11,34,Não,Não
Feminino,Especialista,UX/UI,18076,15,16,Não,Não
Masculino,Pleno,Produto,12142,5,36,Sim,Não
Masculino,Pleno,Dados,12664,6,15,Não,Não
Feminino,Sênior,Dados,15093,9,44,Não,Não
Masculino,Pleno,Produto,12048,4,37,Não,Não
Feminino,Estagiário,Produto,2067,0,1,Não,Sim
Feminino,Estagiário,Produto,1786,0,1,Não,Não
Masculino,Sênior,Infraestrutura,14975,11,19,Não,Não
Masculino,Sênior,Gestão,14604,11,3,Não,Não
Masculino,Sênior,Produto,17569,11,54,Não,Não
Masculino,Sênior,Dados,20718,10,59,Não,Sim
Feminino,Pleno,Gestão,8268,6,25,Não,Não
Masculino,Pleno,UX/UI,12240,3,37,Não,Não
Feminino,Júnior,Produto,4366,3,21,Sim,Não
Feminino,Pleno,Produto,8256,5,7,Sim,Não
Feminino,Gerente,UX/UI,14752,12,39,Não,Sim
Masculino,Especialista,Gestão,18651,10,39,Não,Não
Feminino,Pleno,Desenvolvimento,7354,3,24,Não,Não
Masculino,Júnior,Produto,6320,0,1,Não,Não
Masculino,Executivo/C-Level,Dados,50181,18,23,Não,Não
Masculino,Pleno,Dados,12201,5,30,Não,Sim
Feminino,Júnior,Desenvolvimento,5447,2,7,Não,Sim
Masculino,Júnior,Desenvolvimento,7258,3,15,Não,Não
Masculino,Sênior,Dados,15626,8,9,Não,Sim
Masculino,Sênior,Infraestrutura,14551,6,28,Não,Não
Feminino,Júnior,Desenvolvimento,4842,2,20,Não,Não
Feminino,Sênior,UX/UI,14089,8,43,Não,Não
Masculino,Júnior,Dados,6331,2,14,Não,Não
Masculino,Diretor,Produto,39389,22,8,Não,Não
Feminino,Sênior,Produto,14671,12,32,Não,Não
Feminino,Estagiário,Produto,2587,1,5,Não,Não
Feminino,Pleno,UX/UI,6396,4,22,Não,Não
Masculino,Júnior,Infraestrutura,6977,2,5,Não,Não
Masculino,Estagiário,Produto,2722,2,11,Não,Não
Feminino,Júnior,Gestão,5177,1,3,Não,Não
Masculino,Júnior,Produto,4647,1,1,Não,Não
Masculino,Pleno,Gestão,9285,6,3,Não,Sim
Masculino,Júnior,Infraestrutura,5006,2,24,Não,Não
Masculino,Gerente,Infraestrutura,17210,9,5,Não,Não
Feminino,Estagiário,Desenvolvimento,1710,2,20,Não,Não
Feminino,Júnior,UX/UI,4387,0,1,Sim,Não
Masculino,Estagiário,Produto,2570,1,9,Não,Não
Masculino,Pleno,Dados,11224,6,47,Não,Não
Feminino,Júnior,Produto,4246,0,1,Não,Sim
Masculino,Especialista,Dados,27189,11,7,Não,Não
Masculino,Estagiário,Dados,2969,1,10,Não,Não
Feminino,Sênior,Desenvolvimento,13430,8,27,Não,Sim
Feminino,Júnior,Gestão,5517,0,1,Não,Não
Feminino,Júnior,Dados,5583,3,33,Não,Sim
Masculino,Estagiário,Infraestrutura,2331,0,1,Não,Sim
Masculino,Estagiário,Desenvolvimento,2349,1,8,Não,Não
Masculino,Pleno,Gestão,8963,3,19,Não,Não
Feminino,Júnior,Infraestrutura,4769,2,20,Não,Não
Feminino,Júnior,Infraestrutura,4816,2,16,Não,Não
Feminino,Pleno,Dados,8224,6,1,Não,Sim
Feminino,Sênior,UX/UI,11654,7,45,Não,Sim
Masculino,Estagiário,Dados,2462,2,18,Não,Sim
Masculino,Especialista,UX/UI,23009,16,38,Não,Não
Feminino,Pleno,Gestão,9598,4,5,Não,Não
Masculino,Sênior,Gestão,16704,12,25,Não,Não
Masculino,Gerente,Infraestrutura,18754,15,14,Sim,Não
Masculino,Júnior,Gestão,4501,1,8,Não,Não
Masculino,Especialista,Gestão,25728,16,43,Não,Não
Masculino,Pleno,Gestão,11886,6,46,Não,Não
Masculino,Gerente,Desenvolvimento,20550,11,11,Não,Não
Masculino,Sênior,Produto,14985,8,44,Não,Não
Masculino,Especialista,Desenvolvimento,23668,17,50,Não,Não
Masculino,Pleno,Dados,8087,4,48,Não,Não
Masculino,Pleno,Gestão,10078,3,24,Não,Sim
Masculino,Júnior,Infraestrutura,4679,3,26,Não,Não
Masculino,Diretor,Desenvolvimento,43427,25,2,Não,Não
Masculino,Sênior,Produto,18469,11,49,Não,Sim
Masculino,Júnior,Infraestrutura,4839,1,3,Não,Não
Masculino,Sênior,Infraestrutura,21027,8,7,Não,Não
Masculino,Sênior,Gestão,19504,8,54,Não,Não
Feminino,Sênior,Gestão,11765,8,34,Não,Não
Masculino,Júnior,Gestão,5206,2,3,Não,Não
Masculino,Pleno,Gestão,10242,3,20,Não,Sim
Masculino,Estagiário,Infraestrutura,2238,1,2,Não,Não
Masculino,Sênior,UX/UI,15387,6,50,Não,Não
Masculino,Gerente,Desenvolvimento,19130,11,20,Não,Não
Masculino,Sênior,Produto,15150,7,18,Não,Não
Feminino,Especialista,UX/UI,17948,12,19,Não,Não
Masculino,Pleno,Infraestrutura,12794,4,3,Não,Não
Masculino,Pleno,Infraestrutura,10803,5,14,Não,Não
Feminino,Estagiário,UX/UI,1911,0,1,Sim,Sim
Feminino,Pleno,Dados,8206,6,38,Não,Sim
Feminino,Júnior,Infraestrutura,4870,0,1,Não,Não
Masculino,Pleno,Dados,8178,4,49,Não,Não
Masculino,Pleno,Infraestrutura,9995,6,31,Não,Não
Masculino,Pleno,Infraestrutura,12153,3,15,Sim,Não
Masculino,Pleno,Gestão,12195,3,11,Não,Não
Masculino,Gerente,Infraestrutura,18286,11,37,Sim,Não
Feminino,Júnior,Desenvolvimento,4617,1,13,Não,Sim
Masculino,Pleno,Dados,9934,3,12,Não,Não
Feminino,Pleno,Dados,8903,5,1,Sim,Não
Masculino,Sênior,Produto,19785,12,30,Não,Não
Masculino,Especialista,UX/UI,23359,12,26,Não,Não
Feminino,Pleno,Produto,9644,3,23,Não,Sim
Feminino,Sênior,Dados,13178,8,24,Sim,Não
Masculino,Júnior,Dados,5365,1,1,Não,Sim
Masculino,Pleno,Dados,11168,5,20,Não,Não
Masculino,Júnior,Produto,4935,3,34,Não,Sim
Feminino,Pleno,Desenvolvimento,7128,6,1,Não,Não
Masculino,Pleno,Infraestrutura,11481,3,20,Não,Não
Masculino,Pleno,Produto,10744,6,46,Não,Não
Masculino,Executivo/C-Level,Dados,50243,27,56,Não,Não
Feminino,Júnior,Gestão,3669,3,28,Sim,Não
Masculino,Sênior,Gestão,16764,8,28,Não,Não
Masculino,Júnior,UX/UI,4571,2,14,Não,Não
Masculino,Pleno,Desenvolvimento,11245,3,35,Não,Sim
Masculino,Júnior,Infraestrutura,5625,3,28,Não,Não
Masculino,Especialista,Infraestrutura,18665,19,30,Sim,Não
Masculino,Sênior,Infraestrutura,18199,6,25,Não,Sim
Feminino,Júnior,Infraestrutura,4383,3,2,Não,Não
Feminino,Gerente,Produto,17019,11,37,Não,Não
Feminino,Júnior,Desenvolvimento,4781,3,14,Não,Sim
Masculino,Sênior,Desenvolvimento,16334,7,44,Não,Não
Masculino,Sênior,Produto,17788,8,18,Não,Não
Masculino,Júnior,Dados,4761,2,8,Não,Não
Masculino,Sênior,Produto,16693,11,39,Não,Não
Masculino,Pleno,UX/UI,11640,5,53,Não,Não
Masculino,Sênior,Gestão,16094,11,25,Não,Não
Masculino,Sênior,Desenvolvimento,14680,10,23,Não,Não
Masculino,Especialista,UX/UI,25657,17,44,Sim,Não
Masculino,Sênior,UX/UI,14191,9,49,Não,Não
Feminino,Júnior,Dados,5828,1,7,Sim,Não
Masculino,Júnior,UX/UI,6142,1,13,Não,Não
Masculino,Júnior,Gestão,4932,2,21,Não,Não
Masculino,Pleno,Infraestrutura,11309,6,15,Não,Não
Feminino,Júnior,Produto,4149,1,7,Não,Não
Feminino,Júnior,Desenvolvimento,4639,3,27,Sim,Sim
Masculino,Executivo/C-Level,Gestão,66300,28,2,Não,Não
Masculino,Estagiário,Infraestrutura,3231,1,1,Não,Não
Masculino,Especialista,Dados,24046,12,30,Não,Não
Masculino,Gerente,Infraestrutura,20800,13,9,Sim,Sim
Masculino,Júnior,Produto,5224,3,16,Não,Não
Masculino,Especialista,Gestão,25572,12,16,Não,Sim
Feminino,Pleno,Infraestrutura,6999,6,25,Não,Não
Feminino,Pleno,Gestão,9801,3,29,Sim,Não
Feminino,Júnior,Desenvolvimento,3712,3,28,Não,Não
Feminino,Júnior,Infraestrutura,4219,3,22,Não,Sim
Masculino,Sênior,Infraestrutura,19808,9,58,Não,Não
Masculino,Sênior,UX/UI,17689,8,51,Não,Não
Masculino,Júnior,Dados,5405,2,1,Não,Não
Feminino,Gerente,UX/UI,16421,10,37,Não,Não
Feminino,Pleno,Dados,7233,6,17,Não,Não
Masculino,Pleno,Infraestrutura,9395,6,31,Não,Não
Masculino,Pleno,Gestão,11975,5,25,Não,Não
Masculino,Gerente,Produto,17060,8,43,Não,Não
Masculino,Sênior,UX/UI,14979,11,51,Não,Não
Masculino,Gerente,Infraestrutura,19318,11,48,Não,Sim
Masculino,Pleno,UX/UI,12380,5,36,Não,Não
Masculino,Pleno,Desenvolvimento,10097,4,16,Não,Não
Feminino,Júnior,Dados,3907,3,12,Não,Não
Feminino,Especialista,Desenvolvimento,16914,12,34,Não,Não
Masculino,Gerente,Gestão,17196,8,21,Não,Sim
Masculino,Estagiário,Dados,3225,2,7,Não,Não
Masculino,Sênior,Desenvolvimento,19264,9,50,Não,Não
Masculino,Executivo/C-Level,Produto,71684,23,49,Não,Não
Masculino,Pleno,Gestão,10454,5,42,Não,Não
Masculino,Sênior,Infraestrutura,17604,8,41,Sim,Não
Masculino,Pleno,Desenvolvimento,9336,6,32,Não,Não
Feminino,Especialista,Desenvolvimento,22008,17,22,Não,Sim
Masculino,Pleno,UX/UI,12345,5,50,Não,Não
Feminino,Pleno,Dados,6971,4,21,Não,Sim
Masculino,Júnior,Infraestrutura,7475,3,27,Não,Não
Masculino,Pleno,UX/UI,10899,5,22,Não,Não
Masculino,Pleno,Gestão,11310,6,1,Sim,Não
Masculino,Diretor,Dados,28638,24,18,Não,Não
Feminino,Júnior,UX/UI,4520,2,1,Não,Não
Feminino,Pleno,Gestão,6514,5,7,Não,Não
Masculino,Especialista,Desenvolvimento,25979,16,45,Não,Não
Masculino,Júnior,Desenvolvimento,6703,2,9,Não,Não
Masculino,Gerente,Dados,22779,9,21,Não,Não
Masculino,Júnior,Gestão,5504,0,1,Não,Não
Feminino,Pleno,Gestão,6097,5,45,Não,Não
Feminino,Especialista,UX/UI,16144,17,48,Não,Não
Feminino,Júnior,Infraestrutura,3993,0,1,Não,Não
Feminino,Especialista,Desenvolvimento,14470,18,24,Não,Não
Masculino,Pleno,Gestão,8549,5,41,Não,Não
Feminino,Pleno,Desenvolvimento,9435,3,37,Não,Não
Masculino,Pleno,UX/UI,10706,4,42,Sim,Não
Masculino,Especialista,Gestão,18351,16,57,Não,Não
Masculino,Estagiário,Produto,2874,0,1,Não,Não
Masculino,Pleno,UX/UI,10905,4,37,Não,Não
Masculino,Especialista,Dados,20975,13,20,Sim,Não
Feminino,Sênior,Desenvolvimento,16094,10,23,Não,Não
Masculino,Pleno,Dados,9779,5,15,Não,Sim
Feminino,Estagiário,Produto,2401,1,1,Não,Sim
Masculino,Pleno,Produto,12835,4,25,Não,Sim
Masculino,Sênior,Gestão,20198,6,11,Não,Não
Feminino,Sênior,UX/UI,11721,8,27,Sim,Não
Masculino,Estagiário,Produto,2860,1,13,Não,Não
Masculino,Especialista,UX/UI,22926,16,55,Não,Não
Feminino,Especialista,Produto,17122,10,18,Não,Sim
Masculino,Júnior,Gestão,4750,3,3,Não,Não
Feminino,Júnior,UX/UI,4656,3,11,Não,Não
Feminino,Júnior,Dados,3627,0,1,Não,Não
Masculino,Estagiário,UX/UI,2058,0,1,Não,Sim
Feminino,Estagiário,Produto,2610,1,13,Não,Sim
Masculino,Estagiário,Dados,2974,0,1,Não,Não
Feminino,Estagiário,Produto,1529,2,21,Não,Sim
Feminino,Gerente,UX/UI,19556,9,31,Não,Sim
Masculino,Especialista,Dados,19346,12,15,Não,Não
Masculino,Júnior,Gestão,5256,1,5,Não,Não
Feminino,Pleno,Produto,8296,5,9,Não,Não
Masculino,Sênior,Produto,15492,12,13,Sim,Não
Feminino,Júnior,Dados,5357,2,1,Não,Sim
Feminino,Júnior,Gestão,5345,1,8,Não,Não
Masculino,Pleno,UX/UI,10793,4,17,Não,Não
Masculino,Estagiário,Infraestrutura,3063,1,13,Não,Não
Masculino,Diretor,Desenvolvimento,35442,14,7,Não,Não
Masculino,Júnior,Infraestrutura,6353,2,10,Não,Não
Masculino,Júnior,Gestão,7287,1,3,Não,Sim
Feminino,Pleno,UX/UI,9725,4,37,Não,Não
Feminino,Júnior,Gestão,5451,1,2,Não,Não
Feminino,Pleno,Dados,7559,6,13,Não,Não
Masculino,Gerente,Produto,18230,15,21,Não,Não
Masculino,Sênior,Infraestrutura,21561,8,14,Não,Não
Masculino,Júnior,Produto,5493,3,11,Não,Não
Masculino,Júnior,Gestão,5426,2,3,Não,Não
Feminino,Sênior,Desenvolvimento,11472,10,44,Não,Não
Masculino,Pleno,Gestão,9902,3,31,Não,Não
Masculino,Sênior,Infraestrutura,21210,7,5,Não,Não
Masculino,Gerente,UX/UI,20185,8,25,Sim,Não
Masculino,Sênior,Infraestrutura,20213,12,32,Não,Não
Masculino,Sênior,Infraestrutura,16970,10,56,Não,Não
Masculino,Diretor,Infraestrutura,31446,18,4,Não,Não
Feminino,Especialista,UX/UI,18152,20,33,Não,Sim
Masculino,Júnior,Produto,6921,3,15,Não,Não
Feminino,Pleno,Infraestrutura,10116,6,39,Não,Sim
Masculino,Diretor,Infraestrutura,31849,21,7,Não,Não
Masculino,Gerente,Infraestrutura,22451,14,53,Não,Sim
Masculino,Especialista,Produto,26564,19,56,Sim,Não
Feminino,Sênior,Infraestrutura,12494,11,2,Sim,Sim
Feminino,Sênior,Desenvolvimento,13888,12,17,Não,Não
Masculino,Pleno,Desenvolvimento,9315,5,50,Não,Não
Masculino,Sênior,UX/UI,20397,12,23,Não,Não
Feminino,Júnior,UX/UI,4263,1,6,Não,Não
Masculino,Especialista,Dados,25953,13,17,Não,Não
Feminino,Gerente,Dados,13385,13,2,Não,Não
Masculino,Pleno,Gestão,8622,6,40,Não,Sim
Masculino,Pleno,Infraestrutura,10786,5,10,Não,Não
Feminino,Sênior,Desenvolvimento,15081,11,19,Sim,Não
Masculino,Júnior,Gestão,6525,2,1,Não,Não
Masculino,Pleno,Dados,8101,4,10,Não,Não
Feminino,Sênior,Produto,15549,9,36,Não,Sim
Masculino,Sênior,Produto,16142,9,48,Não,Não
Feminino,Júnior,UX/UI,4587,2,8,Sim,Não
Feminino,Júnior,Infraestrutura,5314,1,2,Não,Sim
Feminino,Sênior,Dados,16147,11,45,Não,Sim
Masculino,Pleno,Desenvolvimento,12841,6,32,Não,Não
Masculino,Pleno,Gestão,11904,3,23,Não,Sim
Feminino,Gerente,Desenvolvimento,16790,12,37,Não,Não
Feminino,Diretor,Dados,32713,15,43,Não,Não
Feminino,Gerente,Gestão,17448,10,35,Não,Sim
Feminino,Estagiário,Gestão,2391,0,1,Não,Sim
Feminino,Sênior,Dados,16950,6,42,Sim,Sim
Feminino,Sênior,Gestão,15956,11,25,Não,Sim
Masculino,Pleno,Desenvolvimento,11525,4,46,Não,Não
Masculino,Júnior,Produto,7092,2,21,Sim,Não
Masculino,Estagiário,UX/UI,3140,2,2,Sim,Não
Masculino,Estagiário,Gestão,2627,1,7,Sim,Não
Masculino,Diretor,Desenvolvimento,44325,15,41,Não,Não
Masculino,Gerente,Infraestrutura,18898,13,37,Não,Não
Feminino,Pleno,Dados,6927,6,2,Não,Sim
Feminino,Estagiário,UX/UI,2524,2,6,Não,Não
Feminino,Gerente,UX/UI,14388,14,29,Sim,Sim
Masculino,Júnior,Produto,5967,3,3,Sim,Não
Masculino,Sênior,Infraestrutura,14809,12,38,Não,Sim
Feminino,Pleno,Gestão,7341,6,35,Não,Não
Masculino,Pleno,Produto,8195,3,32,Não,Não
Masculino,Pleno,Produto,8451,5,50,Não,Sim
Feminino,Especialista,UX/UI,16682,19,35,Não,Sim
Masculino,Pleno,Dados,12164,3,28,Não,Não
Masculino,Estagiário,Infraestrutura,2936,0,1,Não,Não
Feminino,Sênior,Desenvolvimento,14950,9,14,Sim,Não
Feminino,Estagiário,UX/UI,1980,0,1,Não,Não
Masculino,Sênior,Dados,16115,10,43,Não,Não
Masculino,Pleno,Infraestrutura,8083,5,27,Não,Não
Masculino,Especialista,Dados,27832,17,17,Sim,Não
Masculino,Júnior,Produto,7111,1,2,Sim,Não
Feminino,Júnior,Desenvolvimento,4634,2,6,Não,Não
Masculino,Júnior,Gestão,5327,0,1,Não,Não
Masculino,Pleno,Dados,11922,3,31,Sim,Não
Feminino,Estagiário,Dados,1940,2,3,Não,Não
Feminino,Gerente,Infraestrutura,15583,11,14,Sim,Sim
Feminino,Especialista,UX/UI,17650,15,30,Sim,Não
Masculino,Júnior,Dados,7195,1,6,Não,Sim
Masculino,Sênior,Dados,15319,8,36,Sim,Não
Masculino,Estagiário,Infraestrutura,2035,2,18,Não,Não
Feminino,Estagiário,UX/UI,1553,0,1,Não,Não
Masculino,Especialista,Dados,26938,10,37,Sim,Não
Feminino,Pleno,Gestão,8705,5,44,Não,Não
Masculino,Pleno,Infraestrutura,12394,4,30,Não,Não
Masculino,Júnior,Infraestrutura,5156,3,17,Não,Sim
Feminino,Estagiário,Dados,2560,1,12,Não,Sim
Masculino,Gerente,Dados,22844,14,57,Não,Não
Feminino,Júnior,Produto,4566,2,22,Não,Sim
Feminino,Júnior,Gestão,5563,2,15,Não,Não
Masculino,Júnior,Produto,7054,3,20,Não,Não
Masculino,Sênior,Dados,15477,10,28,Não,Sim
Masculino,Sênior,Gestão,19575,8,48,Não,Não
Masculino,Júnior,Dados,5506,2,15,Não,Sim
Feminino,Pleno,UX/UI,6311,3,7,Sim,Sim
Feminino,Gerente,UX/UI,15426,13,13,Não,Sim
Masculino,Sênior,UX/UI,17891,12,29,Não,Não
Masculino,Júnior,Gestão,6200,1,3,Sim,Não
Masculino,Sênior,Gestão,16303,9,45,Não,Não
Feminino,Gerente,Infraestrutura,12399,15,7,Não,Não
Masculino,Executivo/C-Level,Infraestrutura,73897,26,60,Não,Não
Feminino,Gerente,Produto,14392,13,22,Sim,Sim
Masculino,Gerente,Produto,19229,9,60,Não,Não
Feminino,Júnior,Desenvolvimento,5835,3,2,Não,Sim
Feminino,Pleno,Dados,8801,3,32,Sim,Sim
Masculino,Executivo/C-Level,Produto,62880,25,3,Não,Não
Masculino,Pleno,Desenvolvimento,8087,3,9,Não,Sim
Masculino,Pleno,Produto,11073,3,18,Não,Não
Feminino,Júnior,Produto,4788,2,5,Não,Não
Feminino,Estagiário,Infraestrutura,2520,2,11,Sim,Sim
Feminino,Estagiário,Dados,1835,1,2,Não,Sim
Masculino,Estagiário,Infraestrutura,2144,1,10,Não,Não
Feminino,Pleno,Produto,7069,5,43,Sim,Sim
Feminino,Júnior,Desenvolvimento,5125,0,1,Não,Sim
Masculino,Sênior,UX/UI,20697,7,31,Não,Não
Masculino,Pleno,Dados,9514,3,29,Não,Sim
Feminino,Estagiário,UX/UI,1926,2,19,Não,Sim
Masculino,Especialista,UX/UI,24466,13,11,Não,Não
Masculino,Sênior,Gestão,16055,7,28,Não,Não
Masculino,Gerente,Infraestrutura,18642,12,19,Sim,Sim
Masculino,Estagiário,Infraestrutura,3380,1,2,Não,Não
Masculino,Sênior,Infraestrutura,20319,8,38,Não,Não
Feminino,Gerente,Infraestrutura,16548,12,47,Não,Não
Feminino,Pleno,UX/UI,9591,4,15,Não,Não
Masculino,Pleno,Produto,9250,6,29,Sim,Não
Masculino,Gerente,Desenvolvimento,18447,13,25,Não,Sim
Feminino,Especialista,Infraestrutura,15841,12,38,Sim,Não
Masculino,Pleno,Produto,12500,5,54,Não,Não
Masculino,Pleno,Produto,8489,4,32,Não,Sim
Feminino,Pleno,Infraestrutura,7812,5,10,Não,Sim
Masculino,Sênior,UX/UI,16544,8,41,Não,Não
Masculino,Pleno,Dados,11058,5,47,Não,Não
Masculino,Estagiário,Produto,2854,1,6,Não,Não
Feminino,Pleno,UX/UI,9628,6,18,Não,Não
Feminino,Pleno,Infraestrutura,10246,4,46,Não,Sim
Masculino,Pleno,Desenvolvimento,9215,3,25,Não,Sim
Masculino,Gerente,Gestão,23364,12,5,Não,Não
Feminino,Estagiário,Infraestrutura,1890,0,1,Sim,Não
Masculino,Diretor,UX/UI,34555,19,21,Não,Não
Feminino,Pleno,Gestão,6889,5,47,Não,Não
Feminino,Sênior,Produto,12474,12,1,Não,Sim
Feminino,Estagiário,Produto,1793,1,13,Não,Sim
Masculino,Júnior,UX/UI,5630,2,15,Não,Não
Masculino,Júnior,Gestão,4714,0,1,Não,Não
Masculino,Especialista,UX/UI,18417,16,36,Não,Não
Masculino,Sênior,UX/UI,19272,12,3,Não,Não
Masculino,Estagiário,Gestão,2270,2,23,Não,Não
Masculino,Pleno,Desenvolvimento,10951,4,6,Não,Não
Masculino,Pleno,Desenvolvimento,11410,3,34,Não,Não
Masculino,Especialista,Desenvolvimento,19888,17,11,Não,Não
Masculino,Sênior,Desenvolvimento,14429,10,2,Não,Não
Masculino,Júnior,Desenvolvimento,5063,1,3,Não,Não
Feminino,Júnior,Infraestrutura,3693,2,16,Não,Sim
Masculino,Júnior,Dados,5931,3,1,Não,Não
Masculino,Pleno,Dados,8060,4,35,Não,Não
Masculino,Pleno,Gestão,9651,6,11,Não,Não
Masculino,Pleno,UX/UI,8236,5,29,Não,Não
Feminino,Júnior,Produto,4982,0,1,Não,Não
Masculino,Júnior,Infraestrutura,5742,1,10,Não,Sim
Masculino,Gerente,Gestão,24373,12,14,Sim,Sim
Feminino,Júnior,UX/UI,5343,3,21,Não,Sim
Masculino,Sênior,Gestão,21023,12,43,Não,Sim
Masculino,Especialista,Desenvolvimento,18183,19,4,Não,Não
Masculino,Sênior,Produto,14438,7,7,Não,Não
Feminino,Especialista,Infraestrutura,19919,11,18,Não,Sim
Masculino,Júnior,Dados,7107,1,2,Não,Não
Masculino,Júnior,Produto,7468,0,1,Não,Não
Masculino,Júnior,Gestão,4759,0,1,Não,Não
Masculino,Pleno,Infraestrutura,11542,3,32,Não,Não
Feminino,Especialista,Gestão,18263,20,5,Não,Sim
Masculino,Júnior,Infraestrutura,7324,1,4,Não,Sim
Feminino,Sênior,Gestão,17598,9,36,Não,Não
Masculino,Sênior,Desenvolvimento,17870,9,53,Não,Não
Feminino,Pleno,Infraestrutura,8398,4,21,Não,Não
Feminino,Sênior,Dados,15425,12,32,Não,Não
Feminino,Especialista,UX/UI,20635,20,30,Não,Sim
Masculino,Gerente,Gestão,21597,10,39,Não,Não
Masculino,Júnior,Gestão,6123,1,12,Sim,Não
Masculino,Pleno,Gestão,8033,3,37,Não,Não
Feminino,Júnior,Infraestrutura,3812,2,16,Não,Não
Masculino,Júnior,Produto,6171,2,24,Não,Não
Masculino,Pleno,Infraestrutura,8004,4,46,Não,Não
Feminino,Estagiário,Produto,2028,0,1,Não,Sim
Masculino,Estagiário,Dados,2247,0,1,Não,Não
Feminino,Júnior,Desenvolvimento,4787,0,1,Sim,Não
Masculino,Pleno,UX/UI,12860,6,41,Sim,Não
Masculino,Pleno,UX/UI,11879,5,45,Não,Não
Masculino,Pleno,Desenvolvimento,12016,5,44,Não,Não
Feminino,Pleno,Desenvolvimento,8104,3,6,Não,Não
Feminino,Pleno,Dados,8132,6,3,Não,Não
Masculino,Sênior,Desenvolvimento,19531,10,56,Não,Não
Masculino,Júnior,Gestão,6814,2,23,Não,Não
Feminino,Júnior,Desenvolvimento,4322,0,1,Não,Sim
Masculino,Pleno,UX/UI,9631,4,5,Não,Não
Masculino,Especialista,Infraestrutura,24172,12,50,Sim,Não
Masculino,Sênior,Infraestrutura,19847,9,15,Não,Não
Feminino,Júnior,Desenvolvimento,5525,1,12,Não,Não
Masculino,Gerente,Gestão,24904,13,41,Sim,Não
Masculino,Sênior,Gestão,14714,6,5,Não,Não
Masculino,Pleno,Produto,8991,4,9,Sim,Sim
Masculino,Pleno,Dados,10154,5,36,Não,Não
Feminino,Júnior,Gestão,3976,0,1,Não,Sim
Masculino,Júnior,Desenvolvimento,6673,2,19,Sim,Não
Masculino,Especialista,Dados,25778,13,13,Não,Não
Masculino,Sênior,Gestão,20585,10,55,Sim,Não
Feminino,Especialista,Dados,22155,11,31,Sim,Sim
Masculino,Especialista,Produto,22300,15,15,Não,Não
Masculino,Especialista,UX/UI,24122,10,13,Não,Não
Feminino,Especialista,Infraestrutura,21809,17,40,Não,Não
Masculino,Pleno,UX/UI,12913,3,28,Sim,Sim
Masculino,Especialista,Dados,22544,10,24,Não,Não
Feminino,Júnior,UX/UI,5050,2,10,Não,Não
Feminino,Pleno,Infraestrutura,7963,4,31,Não,Não
Masculino,Sênior,UX/UI,16367,8,56,Não,Não
Feminino,Especialista,UX/UI,19844,19,13,Não,Não
Masculino,Pleno,Gestão,9140,4,40,Não,Não
Masculino,Pleno,Infraestrutura,11790,5,14,Não,Não
Feminino,Pleno,UX/UI,8073,4,39,Não,Não
Masculino,Gerente,UX/UI,21593,15,35,Sim,Não
Masculino,Especialista,Produto,19090,16,1,Não,Não
Feminino,Gerente,Produto,17210,12,33,Sim,Não
Masculino,Pleno,Produto,9144,5,8,Não,Não
Feminino,Estagiário,Desenvolvimento,1754,0,1,Não,Não
Feminino,Estagiário,Dados,1551,2,19,Não,Não
Masculino,Júnior,Dados,5948,2,18,Não,Não
Masculino,Especialista,UX/UI,24279,12,52,Não,Não
Feminino,Pleno,Desenvolvimento,6679,5,32,Não,Sim
Masculino,Gerente,Dados,17759,11,18,Sim,Não
Masculino,Especialista,Gestão,21804,17,14,Sim,Sim
Feminino,Júnior,Produto,3627,3,25,Não,Não
Feminino,Júnior,Gestão,5247,0,1,Não,Não
Feminino,Sênior,Gestão,12559,11,25,Não,Não
Masculino,Gerente,UX/UI,23695,14,39,Não,Não
Masculino,Sênior,Infraestrutura,20554,9,46,Sim,Não
Masculino,Pleno,Desenvolvimento,11474,6,59,Sim,Não
Masculino,Gerente,UX/UI,18590,12,31,Não,Não
Masculino,Pleno,Gestão,11124,4,3,Não,Não
Masculino,Estagiário,Dados,2102,2,18,Não,Não
Masculino,Júnior,Dados,5261,3,18,Não,Não
Masculino,Gerente,Dados,18882,8,37,Não,Não
Masculino,Júnior,Dados,7418,1,10,Sim,Não
Masculino,Pleno,Dados,11022,6,36,Não,Não
Feminino,Sênior,Dados,15409,8,11,Não,Não
Masculino,Estagiário,Dados,2495,0,1,Não,Não
Masculino,Pleno,UX/UI,8900,6,12,Não,Não
Masculino,Estagiário,Desenvolvimento,2001,1,3,Não,Não
Masculino,Sênior,Produto,21280,11,26,Não,Não
Feminino,Sênior,UX/UI,16948,10,46,Não,Não
Masculino,Júnior,Produto,4800,0,1,Não,Não
Masculino,Gerente,Gestão,20907,14,25,Não,Não
Masculino,Júnior,Desenvolvimento,6918,1,8,Não,Não
Masculino,Pleno,UX/UI,9860,4,2,Não,Não
Masculino,Pleno,Infraestrutura,9068,4,30,Não,Sim
Feminino,Especialista,Infraestrutura,14502,14,24,Não,Não
Masculino,Pleno,UX/UI,11927,6,3,Sim,Não
Masculino,Júnior,Gestão,7412,0,1,Não,Sim
Masculino,Pleno,Infraestrutura,11304,3,29,Não,Não
Masculino,Júnior,UX/UI,6295,0,1,Não,Não
Masculino,Especialista,Infraestrutura,19102,19,33,Não,Não
Feminino,Pleno,UX/UI,7598,6,47,Não,Sim
Masculino,Pleno,UX/UI,10481,3,3,Sim,Sim
Masculino,Pleno,Dados,12481,4,28,Não,Não
Masculino,Júnior,Desenvolvimento,7478,0,1,Não,Sim
Masculino,Gerente,Dados,17310,15,8,Não,Não
Masculino,Diretor,Infraestrutura,36456,25,31,Não,Não
Feminino,Júnior,Infraestrutura,4127,2,17,Não,Não
Feminino,Júnior,Dados,4923,0,1,Não,Não
Feminino,Gerente,Desenvolvimento,14561,12,17,Não,Não
Feminino,Especialista,Produto,21120,11,45,Não,Não
Masculino,Júnior,Dados,5785,3,5,Não,Sim
Masculino,Júnior,Produto,5867,3,2,Não,Sim
Masculino,Gerente,Produto,19506,14,38,Não,Não
Masculino,Especialista,Gestão,27797,15,11,Não,Não
Masculino,Estagiário,Desenvolvimento,2307,2,1,Não,Não
Masculino,Sênior,Infraestrutura,17860,6,1,Não,Sim
Feminino,Pleno,UX/UI,9382,5,43,Não,Sim
Feminino,Diretor,Desenvolvimento,28017,21,1,Não,Não
Masculino,Sênior,UX/UI,20814,10,5,Não,Sim
Masculino,Júnior,UX/UI,6984,0,1,Não,Não
Masculino,Sênior,UX/UI,20637,11,31,Não,Não
Masculino,Sênior,Infraestrutura,20610,9,27,Não,Não
Feminino,Júnior,Infraestrutura,4124,1,8,Sim,Sim
Feminino,Estagiário,Dados,1865,1,3,Não,Não
Masculino,Pleno,Produto,12814,3,36,Não,Não
Feminino,Estagiário,Infraestrutura,1836,0,1,Sim,Não
Masculino,Pleno,Produto,10650,6,51,Não,Não
Feminino,Júnior,Infraestrutura,5629,2,25,Não,Não
Masculino,Pleno,Desenvolvimento,8344,5,10,Não,Não
Masculino,Gerente,UX/UI,16629,10,27,Não,Não
Feminino,Júnior,Gestão,5277,0,1,Não,Sim
Masculino,Sênior,Infraestrutura,18136,11,48,Não,Não
Masculino,Sênior,Gestão,17563,10,13,Não,Não
Masculino,Sênior,Infraestrutura,20191,8,35,Não,Não
Masculino,Sênior,Gestão,17887,12,5,Não,Não
Masculino,Sênior,Gestão,18840,8,54,Não,Não
Feminino,Sênior,Desenvolvimento,12437,11,38,Sim,Sim
Masculino,Júnior,Produto,4695,0,1,Não,Não
Masculino,Gerente,Gestão,21016,8,33,Não,Não
Masculino,Júnior,Gestão,4974,2,25,Não,Não
Masculino,Pleno,Infraestrutura,11518,4,1,Sim,Não
Feminino,Estagiário,Desenvolvimento,1892,2,24,Não,Não
Masculino,Júnior,Infraestrutura,5767,0,1,Não,Não
Masculino,Executivo/C-Level,Desenvolvimento,45218,18,55,Não,Sim
Feminino,Gerente,UX/UI,16004,9,29,Não,Não
Masculino,Sênior,Infraestrutura,16918,12,6,Não,Não
Masculino,Pleno,Dados,8149,5,47,Não,Não
Feminino,Diretor,Desenvolvimento,29314,14,10,Não,Não
Feminino,Júnior,Infraestrutura,4649,2,13,Não,Não
Masculino,Pleno,Infraestrutura,12049,3,15,Não,Não
Masculino,Júnior,UX/UI,6355,0,1,Não,Não
Masculino,Gerente,Infraestrutura,16121,13,27,Não,Não
Masculino,Sênior,Desenvolvimento,14954,10,50,Não,Não
Masculino,Sênior,Gestão,19119,8,8,Não,Não
Masculino,Pleno,Dados,8318,6,19,Não,Sim
Masculino,Sênior,Dados,15253,12,25,Não,Não
Feminino,Júnior,Gestão,4437,3,20,Sim,Não
Masculino,Gerente,Dados,17857,9,24,Sim,Não
Masculino,Júnior,Desenvolvimento,4822,1,10,Não,Não
Feminino,Sênior,Gestão,16692,12,6,Não,Não
Feminino,Júnior,Infraestrutura,4801,3,3,Não,Não
Masculino,Estagiário,Desenvolvimento,2218,2,1,Não,Sim
Feminino,Pleno,Produto,10700,5,11,Não,Sim
Masculino,Sênior,Dados,21099,10,45,Sim,Não
Masculino,Sênior,Infraestrutura,21842,7,48,Não,Não
Masculino,Estagiário,Produto,3181,2,9,Não,Não
Masculino,Júnior,Gestão,7011,3,14,Não,Não
Masculino,Júnior,UX/UI,5603,3,19,Não,Não
Masculino,Júnior,Produto,4969,3,1,Não,Não
Masculino,Sênior,Dados,18753,12,42,Sim,Não
Masculino,Júnior,Desenvolvimento,4690,1,12,Não,Não
Masculino,Júnior,Dados,7169,0,1,Não,Sim
Feminino,Estagiário,Produto,1712,0,1,Não,Sim
Masculino,Pleno,Produto,9651,5,29,Não,Sim
Masculino,Especialista,Dados,26026,20,16,Não,Não
Masculino,Pleno,Desenvolvimento,8488,4,4,Não,Não
Masculino,Gerente,Desenvolvimento,20576,10,19,Não,Não
Masculino,Estagiário,Gestão,2620,1,6,Não,Não
Feminino,Sênior,UX/UI,11988,9,18,Não,Sim
Feminino,Pleno,Infraestrutura,9747,4,36,Não,Não
Masculino,Júnior,Desenvolvimento,6153,2,24,Sim,Não
Feminino,Especialista,Dados,22340,14,16,Não,Não
Masculino,Estagiário,Gestão,3412,0,1,Não,Não
Masculino,Júnior,Produto,7452,0,1,Não,Não
Feminino,Júnior,Gestão,5238,3,37,Não,Não
Masculino,Pleno,UX/UI,10731,4,35,Não,Não
Masculino,Estagiário,Infraestrutura,2473,2,5,Não,Sim
Masculino,Executivo/C-Level,Gestão,80950,17,7,Não,Sim
Feminino,Júnior,Dados,3778,0,1,Não,Não
Feminino,Estagiário,Dados,1793,0,1,Não,Não
Feminino,Pleno,Desenvolvimento,7515,5,35,Não,Sim
Feminino,Sênior,Dados,11565,8,7,Não,Sim
Feminino,Sênior,UX/UI,11247,10,45,Sim,Sim
Masculino,Especialista,Dados,18740,13,48,Não,Não
Masculino,Júnior,Dados,5424,0,1,Não,Sim
Feminino,Júnior,Infraestrutura,4681,2,22,Sim,Não
Masculino,Estagiário,UX/UI,2222,0,1,Sim,Não
Masculino,Júnior,Produto,5180,1,12,Não,Não
Masculino,Pleno,Infraestrutura,11711,5,57,Não,Não
Masculino,Júnior,Gestão,5205,3,28,Não,Não
Masculino,Sênior,UX/UI,20322,11,52,Não,Não
Masculino,Pleno,Gestão,9038,3,8,Não,Não
Feminino,Pleno,Desenvolvimento,10311,6,42,Não,Sim
Masculino,Especialista,Dados,18831,13,59,Não,Não
Feminino,Pleno,Dados,9707,3,22,Não,Sim
Masculino,Pleno,Produto,9806,4,9,Não,Sim
Masculino,Estagiário,Produto,3119,2,21,Sim,Não
Masculino,Júnior,Infraestrutura,4635,2,1,Não,Não
Feminino,Estagiário,Infraestrutura,1661,2,1,Não,Não
Masculino,Pleno,Dados,12415,3,29,Não,Sim
Masculino,Estagiário,Gestão,2640,0,1,Não,Sim
Feminino,Júnior,Infraestrutura,3809,2,9,Não,Não
Masculino,Pleno,Produto,9439,3,10,Não,Não
Masculino,Pleno,Desenvolvimento,12154,6,3,Não,Sim
Masculino,Sênior,Desenvolvimento,16829,7,25,Não,Sim
Feminino,Pleno,UX/UI,9377,6,25,Não,Não
Feminino,Pleno,UX/UI,7668,5,20,Não,Sim
Feminino,Pleno,Infraestrutura,7727,6,14,Não,Não
Feminino,Sênior,Desenvolvimento,18170,12,41,Não,Sim
Masculino,Especialista,UX/UI,24417,11,56,Não,Não
Feminino,Sênior,Gestão,15174,8,41,Não,Sim
Feminino,Especialista,Produto,16339,13,34,Não,Sim
Masculino,Sênior,Dados,17277,7,45,Não,Não
Masculino,Sênior,Gestão,16519,11,47,Não,Não
Masculino,Especialista,Produto,26656,12,24,Não,Sim
Feminino,Estagiário,UX/UI,2165,0,1,Não,Sim
Feminino,Sênior,UX/UI,12024,12,3,Não,Não
Feminino,Júnior,UX/UI,4956,0,1,Não,Não
Masculino,Pleno,Gestão,8892,3,15,Não,Não
Masculino,Especialista,Dados,20199,14,22,Não,Não
Masculino,Pleno,Infraestrutura,8471,5,44,Não,Não
Masculino,Júnior,Dados,6655,2,7,Não,Não
Feminino,Sênior,Produto,15271,12,10,Sim,Não
Feminino,Pleno,Desenvolvimento,9517,4,16,Não,Sim
Masculino,Estagiário,Dados,3481,1,1,Sim,Sim
Feminino,Pleno,Gestão,6855,5,25,Não,Não
Feminino,Estagiário,Desenvolvimento,1724,0,1,Sim,Sim
Feminino,Pleno,Desenvolvimento,8502,3,16,Não,Não
Feminino,Estagiário,Gestão,1659,2,14,Não,Não
Masculino,Estagiário,Desenvolvimento,2252,2,3,Não,Não
Masculino,Pleno,Desenvolvimento,11252,4,15,Não,Não
Masculino,Especialista,Dados,20795,16,13,Não,Não
Masculino,Pleno,Gestão,11696,3,16,Não,Não
Masculino,Gerente,UX/UI,24514,12,9,Não,Não
Masculino,Sênior,UX/UI,16764,12,51,Não,Não
Masculino,Estagiário,Infraestrutura,2238,2,4,Não,Não
Feminino,Gerente,Desenvolvimento,14877,8,34,Não,Não
Feminino,Júnior,Produto,4843,3,5,Não,Não
Masculino,Pleno,UX/UI,12507,6,33,Não,Não
Masculino,Pleno,Produto,9727,4,40,Não,Não
Masculino,Júnior,Desenvolvimento,4520,2,18,Não,Não
Feminino,Júnior,UX/UI,4965,3,36,Sim,Sim
Masculino,Júnior,Infraestrutura,6349,0,1,Não,Sim
Feminino,Júnior,Gestão,4497,0,1,Não,Não
Masculino,Pleno,Dados,12691,6,50,Não,Não
Feminino,Pleno,Gestão,9361,6,6,Não,Não
Feminino,Estagiário,Dados,1905,2,4,Não,Não
Feminino,Gerente,Dados,15648,11,7,Não,Sim
