id_estudante,genero,curso,instituicao,ano_ingresso,concluiu,trabalha_na_area
1,Masculino,Análise e Desenvolvimento de Sistemas,UFMG,2021,1,0
2,Masculino,Engenharia de Software,FIAP,2022,0,0
3,Masculino,Data Science,PUC-SP,2020,1,1
4,Masculino,Ciência da Computação,Insper,2022,0,1
5,Feminino,Data Science,USP,2020,0,0
6,Feminino,Ciência da Computação,UFMG,2019,0,0
7,Feminino,Sistemas de Informação,USP,2019,0,0
8,Masculino,Ciência da Computação,FATEC,2020,0,0
9,Masculino,Análise e Desenvolvimento de Sistemas,UFMG,2022,0,0
10,Masculino,Engenharia de Software,UFRJ,2021,0,0
11,Feminino,Sistemas de Informação,PUC-SP,2021,0,0
12,Masculino,Ciência da Computação,UFRJ,2019,1,1
13,Masculino,Data Science,FATEC,2021,0,1
14,Masculino,Sistemas de Informação,USP,2019,0,1
15,Masculino,Sistemas de Informação,UFMG,2021,0,0
16,Masculino,Ciência da Computação,UFRJ,2020,0,1
17,Masculino,Sistemas de Informação,UFRJ,2019,0,0
18,Masculino,Data Science,USP,2019,0,1
19,Masculino,Sistemas de Informação,UFMG,2020,0,1
20,Masculino,Data Science,PUC-SP,2019,0,0
21,Masculino,Ciência da Computação,USP,2021,1,0
22,Feminino,Engenharia de Software,UFRJ,2021,0,1
23,Masculino,Sistemas de Informação,PUC-SP,2019,1,1
24,Masculino,Engenharia de Software,PUC-SP,2021,0,0
25,Masculino,Data Science,USP,2022,1,1
26,Masculino,Sistemas de Informação,UFRJ,2019,0,1
27,Masculino,Análise e Desenvolvimento de Sistemas,FATEC,2020,0,0
28,Masculino,Engenharia de Software,UFRJ,2022,1,1
29,Masculino,Sistemas de Informação,FIAP,2019,0,0
30,Feminino,Engenharia de Software,UFMG,2020,0,1
31,Masculino,Sistemas de Informação,Insper,2021,1,1
32,Feminino,Ciência da Computação,FATEC,2020,0,1
33,Feminino,Engenharia de Software,PUC-SP,2022,0,1
34,Masculino,Análise e Desenvolvimento de Sistemas,FATEC,2021,0,1
35,Masculino,Análise e Desenvolvimento de Sistemas,UFMG,2019,0,1
36,Masculino,Data Science,PUC-SP,2021,0,0
37,Masculino,Sistemas de Informação,UFMG,2019,0,1
38,Feminino,Engenharia de Software,PUC-SP,2019,0,0
39,Masculino,Data Science,FATEC,2020,0,0
40,Masculino,Engenharia de Software,PUC-SP,2020,1,0
41,Feminino,Sistemas de Informação,PUC-SP,2020,0,1
42,Masculino,Análise e Desenvolvimento de Sistemas,FIAP,2022,0,0
43,Feminino,Ciência da Computação,UFRJ,2022,0,1
44,Masculino,Análise e Desenvolvimento de Sistemas,UFRJ,2020,0,1
45,Masculino,Data Science,Insper,2022,0,0
46,Masculino,Ciência da Computação,Insper,2021,0,0
47,Masculino,Data Science,FIAP,2021,1,0
48,Masculino,Sistemas de Informação,Insper,2022,0,1
49,Masculino,Ciência da Computação,UFMG,2022,0,0
50,Masculino,Data Science,FATEC,2021,1,1
51,Masculino,Sistemas de Informação,USP,2019,1,0
52,Masculino,Análise e Desenvolvimento de Sistemas,UFMG,2021,1,1
53,Masculino,Sistemas de Informação,USP,2021,0,0
54,Masculino,Engenharia de Software,USP,2022,0,0
55,Masculino,Sistemas de Informação,FIAP,2021,1,0
56,Masculino,Sistemas de Informação,UFMG,2022,1,0
57,Feminino,Engenharia de Software,FIAP,2022,0,0
58,Masculino,Data Science,PUC-SP,2020,0,1
59,Feminino,Data Science,USP,2021,0,1
60,Masculino,Sistemas de Informação,FATEC,2019,0,1
61,Masculino,Engenharia de Software,Insper,2020,0,0
62,Masculino,Engenharia de Software,FATEC,2022,0,0
63,Masculino,Análise e Desenvolvimento de Sistemas,Insper,2022,0,0
64,Masculino,Data Science,USP,2019,0,1
65,Masculino,Ciência da Computação,USP,2022,1,1
66,Masculino,Data Science,USP,2021,1,0
67,Feminino,Data Science,FIAP,2020,1,0
68,Masculino,Análise e Desenvolvimento de Sistemas,UFMG,2022,0,0
69,Feminino,Ciência da Computação,Insper,2022,0,0
70,Masculino,Análise e Desenvolvimento de Sistemas,UFMG,2019,0,1
71,Masculino,Ciência da Computação,FIAP,2021,1,0
72,Masculino,Sistemas de Informação,FIAP,2022,0,0
73,Feminino,Ciência da Computação,UFRJ,2019,0,1
74,Masculino,Análise e Desenvolvimento de Sistemas,FATEC,2022,1,1
75,Masculino,Data Science,FATEC,2019,0,1
76,Masculino,Ciência da Computação,PUC-SP,2019,0,0
77,Masculino,Ciência da Computação,FIAP,2021,0,0
78,Feminino,Engenharia de Software,Insper,2022,0,0
79,Masculino,Data Science,UFRJ,2021,1,0
80,Feminino,Sistemas de Informação,UFRJ,2019,0,0
81,Masculino,Análise e Desenvolvimento de Sistemas,UFMG,2020,1,1
82,Masculino,Sistemas de Informação,FATEC,2022,0,0
83,Masculino,Data Science,FIAP,2020,0,0
84,Feminino,Ciência da Computação,PUC-SP,2022,0,0
85,Masculino,Ciência da Computação,FIAP,2021,0,0
86,Masculino,Data Science,UFMG,2021,0,0
87,Masculino,Ciência da Computação,USP,2021,1,1
88,Masculino,Ciência da Computação,FIAP,2021,0,0
89,Masculino,Ciência da Computação,UFMG,2021,0,1
90,Masculino,Análise e Desenvolvimento de Sistemas,USP,2020,0,1
91,Feminino,Análise e Desenvolvimento de Sistemas,USP,2021,0,1
92,Masculino,Engenharia de Software,PUC-SP,2019,0,1
93,Masculino,Sistemas de Informação,Insper,2019,0,1
94,Masculino,Data Science,FATEC,2020,1,0
95,Masculino,Data Science,FIAP,2022,1,0
96,Masculino,Data Science,USP,2019,1,1
97,Masculino,Engenharia de Software,FIAP,2022,0,1
98,Masculino,Análise e Desenvolvimento de Sistemas,Insper,2020,1,1
99,Feminino,Engenharia de Software,FATEC,2022,0,1
100,Feminino,Data Science,Insper,2022,0,1
101,Feminino,Sistemas de Informação,FATEC,2022,0,0
102,Masculino,Ciência da Computação,UFRJ,2022,1,1
103,Masculino,Análise e Desenvolvimento de Sistemas,FATEC,2020,1,0
104,Masculino,Análise e Desenvolvimento de Sistemas,PUC-SP,2019,1,1
105,Masculino,Engenharia de Software,Insper,2021,1,0
106,Masculino,Análise e Desenvolvimento de Sistemas,USP,2022,0,0
107,Masculino,Data Science,UFRJ,2019,1,0
108,Masculino,Data Science,PUC-SP,2019,1,0
109,Masculino,Engenharia de Software,FIAP,2020,0,1
110,Feminino,Data Science,Insper,2019,1,1
111,Masculino,Sistemas de Informação,UFMG,2020,0,0
112,Feminino,Engenharia de Software,UFMG,2022,0,1
113,Masculino,Sistemas de Informação,USP,2022,0,0
114,Masculino,Ciência da Computação,FATEC,2021,0,1
115,Masculino,Sistemas de Informação,USP,2021,0,1
116,Masculino,Ciência da Computação,UFMG,2021,0,0
117,Masculino,Ciência da Computação,FIAP,2019,0,0
118,Masculino,Sistemas de Informação,UFRJ,2022,1,0
119,Masculino,Engenharia de Software,UFRJ,2020,0,1
120,Masculino,Data Science,Insper,2021,1,0
121,Masculino,Data Science,UFRJ,2020,0,1
122,Masculino,Ciência da Computação,Insper,2020,0,1
123,Masculino,Ciência da Computação,Insper,2021,0,0
124,Feminino,Engenharia de Software,Insper,2022,0,1
125,Masculino,Análise e Desenvolvimento de Sistemas,UFMG,2021,0,1
126,Masculino,Sistemas de Informação,UFMG,2020,0,1
127,Masculino,Ciência da Computação,FATEC,2021,0,1
128,Masculino,Data Science,PUC-SP,2020,0,1
129,Feminino,Engenharia de Software,Insper,2020,0,1
130,Masculino,Sistemas de Informação,Insper,2021,0,1
131,Masculino,Engenharia de Software,PUC-SP,2019,0,1
132,Masculino,Sistemas de Informação,USP,2021,0,0
133,Feminino,Sistemas de Informação,Insper,2019,0,1
134,Masculino,Ciência da Computação,FATEC,2020,0,1
135,Masculino,Engenharia de Software,UFRJ,2020,0,1
136,Masculino,Engenharia de Software,UFRJ,2019,0,0
137,Masculino,Data Science,FIAP,2020,1,0
138,Masculino,Data Science,FIAP,2019,0,0
139,Masculino,Ciência da Computação,UFRJ,2019,0,0
140,Masculino,Ciência da Computação,UFRJ,2020,0,0
141,Masculino,Análise e Desenvolvimento de Sistemas,UFMG,2022,0,0
142,Masculino,Data Science,FATEC,2019,0,0
143,Masculino,Sistemas de Informação,PUC-SP,2021,0,1
144,Masculino,Engenharia de Software,FIAP,2021,0,1
145,Masculino,Ciência da Computação,UFMG,2020,1,1
146,Feminino,Engenharia de Software,UFMG,2022,0,0
147,Masculino,Engenharia de Software,PUC-SP,2020,0,0
148,Masculino,Análise e Desenvolvimento de Sistemas,UFMG,2022,0,0
149,Feminino,Data Science,FATEC,2019,1,1
150,Masculino,Ciência da Computação,UFRJ,2019,0,0
151,Masculino,Engenharia de Software,Insper,2019,1,1
152,Masculino,Ciência da Computação,PUC-SP,2019,1,1
153,Feminino,Sistemas de Informação,UFRJ,2021,0,0
154,Masculino,Análise e Desenvolvimento de Sistemas,UFRJ,2021,1,0
155,Masculino,Sistemas de Informação,USP,2020,0,1
156,Masculino,Ciência da Computação,PUC-SP,2022,1,0
157,Masculino,Ciência da Computação,UFMG,2019,0,1
158,Masculino,Data Science,Insper,2019,0,0
159,Masculino,Engenharia de Software,PUC-SP,2022,0,1
160,Masculino,Engenharia de Software,UFMG,2022,0,1
161,Masculino,Sistemas de Informação,UFRJ,2020,0,1
162,Masculino,Análise e Desenvolvimento de Sistemas,Insper,2022,1,1
163,Masculino,Engenharia de Software,UFMG,2019,0,1
164,Masculino,Data Science,FATEC,2019,1,0
165,Feminino,Sistemas de Informação,UFMG,2019,1,0
166,Masculino,Sistemas de Informação,USP,2019,0,0
167,Masculino,Data Science,UFRJ,2019,1,1
168,Masculino,Análise e Desenvolvimento de Sistemas,UFMG,2020,1,0
169,Feminino,Data Science,FIAP,2019,0,1
170,Masculino,Análise e Desenvolvimento de Sistemas,FIAP,2020,0,1
171,Masculino,Data Science,USP,2019,0,0
172,Feminino,Data Science,FATEC,2021,0,0
173,Masculino,Ciência da Computação,UFRJ,2021,1,1
174,Masculino,Sistemas de Informação,PUC-SP,2021,0,1
175,Masculino,Data Science,USP,2021,0,0
176,Feminino,Data Science,FATEC,2020,0,1
177,Masculino,Engenharia de Software,PUC-SP,2020,0,0
178,Masculino,Sistemas de Informação,FIAP,2022,0,0
179,Masculino,Engenharia de Software,FIAP,2019,0,1
180,Feminino,Sistemas de Informação,PUC-SP,2021,0,1
181,Masculino,Engenharia de Software,USP,2020,1,1
182,Feminino,Data Science,FIAP,2019,1,0
183,Masculino,Data Science,UFRJ,2019,0,0
184,Masculino,Ciência da Computação,Insper,2020,1,0
185,Masculino,Engenharia de Software,UFMG,2021,0,0
186,Masculino,Análise e Desenvolvimento de Sistemas,PUC-SP,2022,0,0
187,Masculino,Ciência da Computação,PUC-SP,2019,0,0
188,Masculino,Engenharia de Software,FIAP,2022,1,0
189,Masculino,Engenharia de Software,USP,2021,0,0
190,Masculino,Ciência da Computação,UFRJ,2021,1,0
191,Feminino,Data Science,USP,2022,1,0
192,Masculino,Engenharia de Software,FATEC,2021,1,0
193,Masculino,Data Science,FATEC,2019,0,1
194,Masculino,Ciência da Computação,Insper,2022,0,0
195,Masculino,Data Science,FIAP,2021,0,1
196,Masculino,Sistemas de Informação,FIAP,2022,0,1
197,Masculino,Análise e Desenvolvimento de Sistemas,FIAP,2019,0,1
198,Masculino,Engenharia de Software,Insper,2021,0,0
199,Masculino,Análise e Desenvolvimento de Sistemas,FATEC,2019,1,0
200,Masculino,Data Science,USP,2021,0,1
201,Masculino,Engenharia de Software,Insper,2020,1,0
202,Feminino,Data Science,Insper,2021,0,0
203,Feminino,Sistemas de Informação,USP,2022,1,1
204,Masculino,Ciência da Computação,FIAP,2021,0,0
205,Masculino,Engenharia de Software,UFRJ,2019,0,0
206,Feminino,Sistemas de Informação,USP,2019,0,0
207,Feminino,Sistemas de Informação,FATEC,2021,1,0
208,Masculino,Engenharia de Software,PUC-SP,2022,0,0
209,Feminino,Data Science,PUC-SP,2020,0,1
210,Feminino,Sistemas de Informação,UFMG,2022,0,1
211,Masculino,Análise e Desenvolvimento de Sistemas,UFMG,2020,0,1
212,Masculino,Sistemas de Informação,Insper,2019,0,0
213,Masculino,Data Science,PUC-SP,2022,0,1
214,Masculino,Data Science,UFRJ,2020,0,1
215,Masculino,Análise e Desenvolvimento de Sistemas,FIAP,2021,0,0
216,Masculino,Sistemas de Informação,FATEC,2019,0,0
217,Masculino,Data Science,UFMG,2021,1,0
218,Masculino,Engenharia de Software,UFRJ,2019,1,1
219,Masculino,Ciência da Computação,FATEC,2022,1,1
220,Masculino,Ciência da Computação,FATEC,2022,1,1
221,Masculino,Ciência da Computação,FIAP,2019,0,1
222,Masculino,Sistemas de Informação,Insper,2019,0,1
223,Feminino,Análise e Desenvolvimento de Sistemas,PUC-SP,2019,1,0
224,Masculino,Data Science,FIAP,2022,0,0
225,Masculino,Engenharia de Software,UFRJ,2020,1,1
226,Masculino,Engenharia de Software,Insper,2021,0,0
227,Masculino,Sistemas de Informação,UFRJ,2021,0,0
228,Masculino,Ciência da Computação,Insper,2022,0,1
229,Masculino,Sistemas de Informação,UFMG,2021,1,0
230,Masculino,Análise e Desenvolvimento de Sistemas,UFRJ,2019,0,1
231,Masculino,Análise e Desenvolvimento de Sistemas,FIAP,2020,0,1
232,Masculino,Data Science,Insper,2021,0,0
233,Masculino,Data Science,Insper,2020,0,1
234,Masculino,Análise e Desenvolvimento de Sistemas,FATEC,2019,0,0
235,Masculino,Análise e Desenvolvimento de Sistemas,FATEC,2021,1,1
236,Masculino,Análise e Desenvolvimento de Sistemas,USP,2022,0,0
237,Masculino,Sistemas de Informação,UFRJ,2020,0,0
238,Feminino,Análise e Desenvolvimento de Sistemas,FATEC,2019,0,1
239,Masculino,Engenharia de Software,USP,2020,1,1
240,Feminino,Ciência da Computação,UFMG,2021,0,0
241,Masculino,Análise e Desenvolvimento de Sistemas,UFMG,2021,0,0
242,Masculino,Ciência da Computação,FATEC,2022,0,0
243,Masculino,Sistemas de Informação,UFRJ,2019,0,0
244,Masculino,Ciência da Computação,Insper,2019,0,0
245,Feminino,Sistemas de Informação,PUC-SP,2022,1,0
246,Masculino,Engenharia de Software,UFRJ,2022,0,0
247,Masculino,Sistemas de Informação,FIAP,2019,0,0
248,Masculino,Sistemas de Informação,UFMG,2020,0,0
249,Masculino,Data Science,FATEC,2020,0,0
250,Masculino,Análise e Desenvolvimento de Sistemas,FATEC,2022,0,1
251,Masculino,Análise e Desenvolvimento de Sistemas,Insper,2020,0,0
252,Masculino,Engenharia de Software,FIAP,2019,1,0
253,Masculino,Engenharia de Software,Insper,2021,0,1
254,Masculino,Análise e Desenvolvimento de Sistemas,FIAP,2021,0,1
255,Feminino,Data Science,PUC-SP,2020,0,1
256,Masculino,Análise e Desenvolvimento de Sistemas,UFMG,2022,1,0
257,Masculino,Data Science,FATEC,2022,0,0
258,Masculino,Engenharia de Software,FATEC,2022,0,1
259,Masculino,Ciência da Computação,PUC-SP,2022,1,0
260,Feminino,Engenharia de Software,USP,2022,0,0
261,Masculino,Engenharia de Software,UFMG,2020,1,1
262,Masculino,Sistemas de Informação,Insper,2021,0,0
263,Feminino,Sistemas de Informação,PUC-SP,2021,0,0
264,Masculino,Sistemas de Informação,Insper,2020,1,0
265,Masculino,Sistemas de Informação,UFRJ,2022,0,0
266,Masculino,Data Science,FATEC,2020,0,0
267,Masculino,Análise e Desenvolvimento de Sistemas,Insper,2021,0,0
268,Masculino,Ciência da Computação,FIAP,2019,1,1
269,Masculino,Engenharia de Software,Insper,2020,0,0
270,Masculino,Data Science,UFRJ,2022,0,0
271,Masculino,Ciência da Computação,UFMG,2021,0,0
272,Masculino,Data Science,FATEC,2021,0,1
273,Masculino,Data Science,PUC-SP,2021,0,0
274,Masculino,Engenharia de Software,UFRJ,2021,0,1
275,Masculino,Análise e Desenvolvimento de Sistemas,FATEC,2022,0,0
276,Masculino,Sistemas de Informação,Insper,2019,1,1
277,Masculino,Análise e Desenvolvimento de Sistemas,UFMG,2021,0,1
278,Masculino,Engenharia de Software,USP,2020,0,0
279,Masculino,Engenharia de Software,UFMG,2019,0,1
280,Masculino,Engenharia de Software,USP,2021,1,0
281,Masculino,Ciência da Computação,FIAP,2019,0,0
282,Masculino,Análise e Desenvolvimento de Sistemas,UFMG,2020,1,0
283,Masculino,Análise e Desenvolvimento de Sistemas,FATEC,2021,0,1
284,Feminino,Data Science,USP,2020,1,1
285,Masculino,Data Science,PUC-SP,2022,1,0
286,Feminino,Data Science,FATEC,2021,0,0
287,Masculino,Engenharia de Software,PUC-SP,2021,0,0
288,Masculino,Análise e Desenvolvimento de Sistemas,UFMG,2021,0,0
289,Masculino,Engenharia de Software,PUC-SP,2021,0,1
290,Masculino,Ciência da Computação,USP,2022,0,0
291,Feminino,Data Science,FATEC,2021,0,0
292,Feminino,Engenharia de Software,Insper,2019,1,1
293,Masculino,Engenharia de Software,UFRJ,2021,0,1
294,Masculino,Ciência da Computação,USP,2022,0,0
295,Feminino,Sistemas de Informação,USP,2021,0,1
296,Masculino,Análise e Desenvolvimento de Sistemas,Insper,2019,0,1
297,Masculino,Sistemas de Informação,FATEC,2022,0,0
298,Masculino,Data Science,FATEC,2022,0,1
299,Masculino,Engenharia de Software,UFMG,2019,1,1
300,Feminino,Ciência da Computação,PUC-SP,2019,0,0
301,Feminino,Ciência da Computação,UFMG,2019,0,0
302,Masculino,Análise e Desenvolvimento de Sistemas,Insper,2019,0,0
303,Masculino,Sistemas de Informação,UFMG,2019,0,0
304,Masculino,Análise e Desenvolvimento de Sistemas,Insper,2022,0,0
305,Masculino,Engenharia de Software,FATEC,2022,1,0
306,Masculino,Análise e Desenvolvimento de Sistemas,PUC-SP,2021,0,1
307,Masculino,Ciência da Computação,UFMG,2021,0,0
308,Masculino,Ciência da Computação,USP,2020,0,0
309,Masculino,Data Science,FIAP,2021,1,1
310,Masculino,Data Science,UFRJ,2021,1,1
311,Masculino,Engenharia de Software,USP,2019,1,0
312,Feminino,Sistemas de Informação,FATEC,2019,0,1
313,Feminino,Análise e Desenvolvimento de Sistemas,UFRJ,2021,1,1
314,Masculino,Engenharia de Software,FIAP,2020,0,0
315,Masculino,Data Science,FIAP,2019,0,0
316,Masculino,Análise e Desenvolvimento de Sistemas,PUC-SP,2021,1,0
317,Masculino,Data Science,UFRJ,2021,0,1
318,Feminino,Análise e Desenvolvimento de Sistemas,PUC-SP,2022,0,1
319,Feminino,Sistemas de Informação,USP,2020,1,0
320,Masculino,Engenharia de Software,Insper,2022,0,0
321,Masculino,Análise e Desenvolvimento de Sistemas,Insper,2020,0,1
322,Masculino,Ciência da Computação,Insper,2019,0,0
323,Masculino,Ciência da Computação,UFRJ,2020,0,1
324,Masculino,Análise e Desenvolvimento de Sistemas,Insper,2021,0,0
325,Masculino,Análise e Desenvolvimento de Sistemas,USP,2021,1,0
326,Masculino,Análise e Desenvolvimento de Sistemas,PUC-SP,2020,0,0
327,Masculino,Ciência da Computação,UFRJ,2020,0,0
328,Masculino,Ciência da Computação,PUC-SP,2020,0,1
329,Masculino,Análise e Desenvolvimento de Sistemas,UFRJ,2022,1,0
330,Masculino,Data Science,PUC-SP,2020,0,0
331,Masculino,Data Science,FIAP,2019,1,1
332,Masculino,Sistemas de Informação,PUC-SP,2022,0,0
333,Feminino,Engenharia de Software,Insper,2022,1,1
334,Feminino,Data Science,FIAP,2020,0,0
335,Feminino,Ciência da Computação,PUC-SP,2019,0,0
336,Feminino,Data Science,UFRJ,2022,0,0
337,Masculino,Sistemas de Informação,UFRJ,2021,0,1
338,Masculino,Sistemas de Informação,UFRJ,2022,0,0
339,Masculino,Engenharia de Software,FATEC,2020,1,0
340,Feminino,Data Science,USP,2019,1,0
341,Masculino,Ciência da Computação,UFRJ,2020,0,1
342,Masculino,Ciência da Computação,FIAP,2021,0,0
343,Feminino,Análise e Desenvolvimento de Sistemas,UFRJ,2021,0,0
344,Masculino,Ciência da Computação,FATEC,2021,0,1
345,Masculino,Engenharia de Software,Insper,2020,0,1
346,Masculino,Engenharia de Software,FIAP,2022,0,0
347,Masculino,Ciência da Computação,FATEC,2020,0,0
348,Feminino,Ciência da Computação,Insper,2019,0,1
349,Masculino,Análise e Desenvolvimento de Sistemas,UFMG,2022,0,1
350,Masculino,Ciência da Computação,UFMG,2021,0,1
351,Masculino,Análise e Desenvolvimento de Sistemas,FIAP,2020,0,0
352,Masculino,Análise e Desenvolvimento de Sistemas,PUC-SP,2021,1,0
353,Masculino,Ciência da Computação,USP,2021,1,0
354,Feminino,Sistemas de Informação,USP,2019,1,0
355,Feminino,Sistemas de Informação,FATEC,2022,0,0
356,Masculino,Análise e Desenvolvimento de Sistemas,Insper,2019,0,1
357,Feminino,Ciência da Computação,USP,2019,1,1
358,Masculino,Sistemas de Informação,Insper,2019,0,1
359,Masculino,Ciência da Computação,Insper,2021,0,0
360,Masculino,Ciência da Computação,FATEC,2019,0,0
361,Masculino,Ciência da Computação,FATEC,2019,0,1
362,Masculino,Data Science,FATEC,2022,0,1
363,Masculino,Ciência da Computação,USP,2022,0,0
364,Masculino,Data Science,UFMG,2019,1,0
365,Masculino,Análise e Desenvolvimento de Sistemas,FATEC,2022,0,1
366,Masculino,Sistemas de Informação,USP,2022,0,0
367,Masculino,Sistemas de Informação,FATEC,2019,0,0
368,Masculino,Sistemas de Informação,UFRJ,2021,0,1
369,Masculino,Sistemas de Informação,Insper,2019,0,0
370,Feminino,Sistemas de Informação,FATEC,2022,0,1
371,Feminino,Sistemas de Informação,FIAP,2021,0,0
372,Feminino,Sistemas de Informação,Insper,2020,1,0
373,Feminino,Análise e Desenvolvimento de Sistemas,Insper,2021,0,0
374,Masculino,Ciência da Computação,FATEC,2022,1,0
375,Feminino,Engenharia de Software,UFMG,2021,0,1
376,Masculino,Data Science,PUC-SP,2019,1,0
377,Masculino,Engenharia de Software,UFMG,2020,1,0
378,Feminino,Engenharia de Software,FATEC,2020,1,0
379,Masculino,Ciência da Computação,Insper,2020,0,0
380,Masculino,Ciência da Computação,FIAP,2022,0,0
381,Feminino,Ciência da Computação,Insper,2022,0,0
382,Masculino,Sistemas de Informação,UFMG,2020,0,1
383,Masculino,Análise e Desenvolvimento de Sistemas,FIAP,2021,0,0
384,Masculino,Sistemas de Informação,USP,2020,0,0
385,Masculino,Análise e Desenvolvimento de Sistemas,UFRJ,2021,0,0
386,Masculino,Análise e Desenvolvimento de Sistemas,Insper,2021,0,0
387,Masculino,Engenharia de Software,FATEC,2022,0,1
388,Feminino,Engenharia de Software,USP,2021,0,1
389,Masculino,Análise e Desenvolvimento de Sistemas,UFRJ,2020,1,0
390,Masculino,Análise e Desenvolvimento de Sistemas,FATEC,2022,0,0
391,Masculino,Sistemas de Informação,PUC-SP,2019,0,1
392,Masculino,Sistemas de Informação,FATEC,2019,0,0
393,Masculino,Engenharia de Software,FIAP,2022,1,1
394,Masculino,Ciência da Computação,FIAP,2020,0,0
395,Masculino,Análise e Desenvolvimento de Sistemas,PUC-SP,2019,0,0
396,Masculino,Sistemas de Informação,USP,2019,0,1
397,Masculino,Engenharia de Software,UFRJ,2021,0,1
398,Masculino,Sistemas de Informação,FATEC,2021,0,1
399,Masculino,Análise e Desenvolvimento de Sistemas,FIAP,2020,0,0
400,Masculino,Análise e Desenvolvimento de Sistemas,USP,2022,0,1
401,Feminino,Data Science,PUC-SP,2020,0,1
402,Masculino,Ciência da Computação,UFMG,2022,0,0
403,Masculino,Data Science,Insper,2019,0,0
404,Masculino,Engenharia de Software,UFMG,2021,0,0
405,Masculino,Sistemas de Informação,UFMG,2020,0,0
406,Masculino,Engenharia de Software,FIAP,2020,0,1
407,Masculino,Análise e Desenvolvimento de Sistemas,PUC-SP,2022,0,0
408,Feminino,Data Science,FATEC,2022,0,0
409,Masculino,Data Science,UFMG,2020,0,0
410,Feminino,Data Science,UFMG,2022,0,1
411,Masculino,Engenharia de Software,UFRJ,2020,0,0
412,Masculino,Análise e Desenvolvimento de Sistemas,FIAP,2020,1,0
413,Masculino,Sistemas de Informação,FIAP,2020,0,0
414,Masculino,Sistemas de Informação,FATEC,2019,0,1
415,Masculino,Engenharia de Software,Insper,2022,0,1
416,Masculino,Data Science,USP,2021,0,1
417,Masculino,Ciência da Computação,UFRJ,2021,0,1
418,Masculino,Engenharia de Software,FIAP,2022,0,0
419,Masculino,Engenharia de Software,UFRJ,2020,0,1
420,Masculino,Análise e Desenvolvimento de Sistemas,FIAP,2021,1,0
421,Masculino,Sistemas de Informação,UFRJ,2021,1,1
422,Masculino,Engenharia de Software,PUC-SP,2022,1,1
423,Feminino,Engenharia de Software,UFMG,2021,0,0
424,Masculino,Data Science,FIAP,2020,0,1
425,Feminino,Data Science,UFRJ,2022,0,0
426,Masculino,Ciência da Computação,USP,2020,0,0
427,Masculino,Análise e Desenvolvimento de Sistemas,PUC-SP,2021,0,1
428,Masculino,Ciência da Computação,PUC-SP,2021,1,1
429,Masculino,Data Science,USP,2020,0,1
430,Feminino,Sistemas de Informação,UFRJ,2019,0,1
431,Feminino,Data Science,FATEC,2021,0,1
432,Masculino,Análise e Desenvolvimento de Sistemas,USP,2019,1,1
433,Masculino,Data Science,UFRJ,2021,1,1
434,Feminino,Análise e Desenvolvimento de Sistemas,USP,2019,0,0
435,Feminino,Análise e Desenvolvimento de Sistemas,USP,2019,0,0
436,Masculino,Análise e Desenvolvimento de Sistemas,FIAP,2019,1,0
437,Feminino,Análise e Desenvolvimento de Sistemas,UFRJ,2020,0,1
438,Masculino,Análise e Desenvolvimento de Sistemas,FATEC,2019,0,1
439,Masculino,Sistemas de Informação,UFMG,2019,0,0
440,Feminino,Ciência da Computação,FIAP,2019,0,0
441,Feminino,Engenharia de Software,USP,2021,1,0
442,Masculino,Ciência da Computação,UFMG,2019,0,1
443,Masculino,Análise e Desenvolvimento de Sistemas,Insper,2021,0,0
444,Masculino,Sistemas de Informação,UFMG,2019,1,0
445,Masculino,Data Science,USP,2019,0,1
446,Masculino,Sistemas de Informação,USP,2020,1,0
447,Masculino,Análise e Desenvolvimento de Sistemas,UFRJ,2021,0,0
448,Masculino,Sistemas de Informação,UFRJ,2019,1,1
449,Masculino,Sistemas de Informação,FIAP,2021,0,1
450,Feminino,Análise e Desenvolvimento de Sistemas,FATEC,2021,0,0
451,Masculino,Sistemas de Informação,FIAP,2022,0,0
452,Masculino,Engenharia de Software,PUC-SP,2020,0,1
453,Masculino,Engenharia de Software,USP,2020,0,1
454,Masculino,Sistemas de Informação,UFMG,2020,1,1
455,Feminino,Data Science,Insper,2022,0,0
456,Masculino,Análise e Desenvolvimento de Sistemas,USP,2022,0,1
457,Feminino,Engenharia de Software,USP,2020,1,0
458,Masculino,Data Science,FIAP,2022,0,1
459,Feminino,Sistemas de Informação,Insper,2022,1,1
460,Feminino,Data Science,Insper,2022,0,0
461,Feminino,Ciência da Computação,Insper,2020,0,0
462,Masculino,Engenharia de Software,FIAP,2020,1,0
463,Masculino,Sistemas de Informação,USP,2020,1,0
464,Masculino,Análise e Desenvolvimento de Sistemas,FIAP,2022,1,0
465,Masculino,Sistemas de Informação,UFRJ,2020,0,1
466,Masculino,Análise e Desenvolvimento de Sistemas,UFRJ,2022,0,0
467,Masculino,Sistemas de Informação,FIAP,2019,0,1
468,Masculino,Data Science,Insper,2022,0,0
469,Masculino,Data Science,USP,2021,0,0
470,Masculino,Data Science,FIAP,2020,0,1
471,Feminino,Ciência da Computação,FIAP,2020,0,0
472,Masculino,Análise e Desenvolvimento de Sistemas,FIAP,2021,1,1
473,Feminino,Data Science,PUC-SP,2022,0,1
474,Masculino,Ciência da Computação,UFRJ,2019,0,0
475,Masculino,Análise e Desenvolvimento de Sistemas,UFMG,2021,0,1
476,Masculino,Sistemas de Informação,Insper,2021,0,0
477,Feminino,Ciência da Computação,FATEC,2022,0,1
478,Masculino,Engenharia de Software,UFMG,2020,0,1
479,Masculino,Ciência da Computação,Insper,2022,1,1
480,Masculino,Ciência da Computação,FATEC,2021,1,1
481,Masculino,Análise e Desenvolvimento de Sistemas,PUC-SP,2021,0,0
482,Masculino,Sistemas de Informação,FIAP,2020,0,0
483,Masculino,Engenharia de Software,PUC-SP,2020,0,0
484,Masculino,Data Science,PUC-SP,2020,0,0
485,Masculino,Data Science,UFMG,2022,0,1
486,Masculino,Ciência da Computação,USP,2020,0,0
487,Feminino,Análise e Desenvolvimento de Sistemas,UFMG,2021,0,1
488,Masculino,Análise e Desenvolvimento de Sistemas,UFRJ,2021,0,1
489,Masculino,Data Science,FATEC,2019,0,0
490,Masculino,Engenharia de Software,FIAP,2022,0,1
491,Masculino,Sistemas de Informação,UFMG,2019,0,1
492,Masculino,Engenharia de Software,FATEC,2021,1,0
493,Masculino,Sistemas de Informação,Insper,2019,0,0
494,Masculino,Data Science,FATEC,2021,0,0
495,Masculino,Sistemas de Informação,Insper,2019,0,1
496,Masculino,Análise e Desenvolvimento de Sistemas,UFMG,2020,0,1
497,Masculino,Ciência da Computação,UFRJ,2019,0,0
498,Feminino,Ciência da Computação,UFMG,2020,1,1
499,Masculino,Data Science,Insper,2020,0,0
500,Masculino,Análise e Desenvolvimento de Sistemas,FATEC,2022,1,1
501,Masculino,Engenharia de Software,FATEC,2020,0,0
502,Masculino,Análise e Desenvolvimento de Sistemas,Insper,2020,0,1
503,Masculino,Ciência da Computação,PUC-SP,2019,0,0
504,Masculino,Ciência da Computação,UFRJ,2021,0,0
505,Masculino,Análise e Desenvolvimento de Sistemas,USP,2022,0,0
506,Feminino,Análise e Desenvolvimento de Sistemas,FIAP,2020,1,1
507,Masculino,Ciência da Computação,FATEC,2022,0,0
508,Masculino,Engenharia de Software,FIAP,2019,0,0
509,Masculino,Data Science,USP,2020,1,1
510,Masculino,Data Science,UFMG,2019,0,0
511,Masculino,Análise e Desenvolvimento de Sistemas,FIAP,2022,0,1
512,Masculino,Data Science,USP,2019,0,1
513,Masculino,Ciência da Computação,Insper,2022,1,0
514,Masculino,Ciência da Computação,PUC-SP,2019,0,1
515,Feminino,Análise e Desenvolvimento de Sistemas,FATEC,2022,0,0
516,Feminino,Análise e Desenvolvimento de Sistemas,USP,2021,0,1
517,Masculino,Análise e Desenvolvimento de Sistemas,FIAP,2019,0,0
518,Masculino,Engenharia de Software,FATEC,2019,0,0
519,Masculino,Data Science,PUC-SP,2021,0,0
520,Feminino,Análise e Desenvolvimento de Sistemas,Insper,2021,1,1
521,Masculino,Sistemas de Informação,UFMG,2019,0,1
522,Masculino,Sistemas de Informação,FATEC,2021,0,0
523,Masculino,Ciência da Computação,UFMG,2020,0,1
524,Masculino,Data Science,USP,2022,1,1
525,Masculino,Análise e Desenvolvimento de Sistemas,PUC-SP,2022,1,0
526,Masculino,Sistemas de Informação,FIAP,2022,0,0
527,Masculino,Data Science,PUC-SP,2020,1,0
528,Masculino,Ciência da Computação,PUC-SP,2021,0,1
529,Feminino,Engenharia de Software,UFRJ,2021,0,1
530,Masculino,Data Science,PUC-SP,2019,0,1
531,Masculino,Data Science,PUC-SP,2021,0,0
532,Masculino,Engenharia de Software,FATEC,2019,0,0
533,Masculino,Data Science,FIAP,2020,0,0
534,Masculino,Ciência da Computação,FATEC,2022,0,0
535,Masculino,Ciência da Computação,FATEC,2022,1,0
536,Masculino,Engenharia de Software,USP,2022,0,0
537,Masculino,Análise e Desenvolvimento de Sistemas,FATEC,2021,0,1
538,Masculino,Sistemas de Informação,UFRJ,2019,0,0
539,Masculino,Análise e Desenvolvimento de Sistemas,UFRJ,2019,0,0
540,Feminino,Data Science,UFMG,2020,1,0
541,Masculino,Sistemas de Informação,USP,2021,0,0
542,Masculino,Engenharia de Software,UFMG,2020,0,0
543,Masculino,Engenharia de Software,UFMG,2019,0,0
544,Masculino,Sistemas de Informação,Insper,2019,0,0
545,Masculino,Ciência da Computação,FIAP,2022,0,0
546,Masculino,Sistemas de Informação,FIAP,2021,0,1
547,Feminino,Data Science,FATEC,2019,0,1
548,Masculino,Ciência da Computação,FATEC,2022,0,0
549,Masculino,Engenharia de Software,Insper,2021,0,0
550,Masculino,Sistemas de Informação,FATEC,2020,1,1
551,Masculino,Análise e Desenvolvimento de Sistemas,FIAP,2021,0,0
552,Masculino,Análise e Desenvolvimento de Sistemas,UFMG,2021,0,1
553,Masculino,Data Science,PUC-SP,2019,0,1
554,Masculino,Análise e Desenvolvimento de Sistemas,UFRJ,2019,0,0
555,Masculino,Sistemas de Informação,PUC-SP,2021,0,1
556,Masculino,Sistemas de Informação,PUC-SP,2019,0,1
557,Feminino,Análise e Desenvolvimento de Sistemas,FIAP,2019,0,1
558,Feminino,Sistemas de Informação,PUC-SP,2019,0,0
559,Masculino,Data Science,Insper,2022,1,0
560,Masculino,Ciência da Computação,USP,2022,1,0
561,Masculino,Data Science,FATEC,2021,0,0
562,Masculino,Data Science,USP,2019,1,1
563,Feminino,Sistemas de Informação,UFMG,2022,0,0
564,Feminino,Ciência da Computação,UFRJ,2021,0,1
565,Masculino,Sistemas de Informação,FATEC,2019,0,0
566,Masculino,Engenharia de Software,PUC-SP,2020,0,0
567,Masculino,Sistemas de Informação,UFRJ,2019,1,0
568,Masculino,Sistemas de Informação,FATEC,2019,0,1
569,Masculino,Sistemas de Informação,Insper,2022,1,0
570,Masculino,Ciência da Computação,Insper,2021,0,1
571,Masculino,Sistemas de Informação,Insper,2021,0,1
572,Masculino,Ciência da Computação,Insper,2022,0,0
573,Masculino,Análise e Desenvolvimento de Sistemas,PUC-SP,2019,0,1
574,Masculino,Engenharia de Software,USP,2020,1,0
575,Masculino,Ciência da Computação,FATEC,2019,0,1
576,Masculino,Análise e Desenvolvimento de Sistemas,PUC-SP,2019,0,1
577,Feminino,Ciência da Computação,Insper,2020,0,0
578,Masculino,Ciência da Computação,UFMG,2022,1,0
579,Masculino,Engenharia de Software,USP,2021,0,0
580,Masculino,Data Science,UFMG,2022,0,0
581,Masculino,Data Science,UFRJ,2022,0,0
582,Masculino,Ciência da Computação,UFMG,2019,0,1
583,Masculino,Sistemas de Informação,UFRJ,2021,0,0
584,Masculino,Análise e Desenvolvimento de Sistemas,UFRJ,2021,0,0
585,Masculino,Sistemas de Informação,Insper,2022,0,0
586,Masculino,Sistemas de Informação,UFRJ,2020,0,0
587,Feminino,Ciência da Computação,FIAP,2022,0,0
588,Feminino,Ciência da Computação,FATEC,2020,0,0
589,Feminino,Ciência da Computação,FATEC,2021,0,0
590,Feminino,Ciência da Computação,Insper,2022,0,1
591,Feminino,Data Science,FIAP,2019,0,1
592,Masculino,Ciência da Computação,UFMG,2022,0,0
593,Masculino,Data Science,PUC-SP,2021,0,1
594,Masculino,Data Science,UFMG,2019,0,0
595,Masculino,Ciência da Computação,PUC-SP,2019,0,1
596,Masculino,Engenharia de Software,UFRJ,2020,0,0
597,Masculino,Análise e Desenvolvimento de Sistemas,USP,2019,1,1
598,Feminino,Sistemas de Informação,PUC-SP,2019,0,1
599,Masculino,Data Science,USP,2022,0,0
600,Feminino,Análise e Desenvolvimento de Sistemas,FATEC,2021,1,0
601,Feminino,Engenharia de Software,USP,2020,1,0
602,Masculino,Sistemas de Informação,FATEC,2022,0,0
603,Feminino,Sistemas de Informação,FIAP,2019,0,0
604,Feminino,Data Science,FIAP,2019,0,0
605,Feminino,Ciência da Computação,Insper,2020,0,0
606,Masculino,Engenharia de Software,Insper,2021,0,1
607,Masculino,Data Science,UFRJ,2020,0,0
608,Masculino,Engenharia de Software,PUC-SP,2022,1,0
609,Masculino,Ciência da Computação,UFRJ,2020,1,0
610,Masculino,Ciência da Computação,FATEC,2019,0,1
611,Feminino,Data Science,UFRJ,2022,1,0
612,Masculino,Ciência da Computação,USP,2019,0,0
613,Masculino,Análise e Desenvolvimento de Sistemas,FATEC,2021,1,0
614,Feminino,Sistemas de Informação,Insper,2019,0,1
615,Masculino,Data Science,FIAP,2019,1,0
616,Masculino,Engenharia de Software,Insper,2020,1,1
617,Feminino,Análise e Desenvolvimento de Sistemas,PUC-SP,2019,0,1
618,Masculino,Data Science,FATEC,2022,0,0
619,Masculino,Ciência da Computação,FATEC,2022,0,0
620,Masculino,Ciência da Computação,USP,2021,0,0
621,Masculino,Ciência da Computação,PUC-SP,2022,0,0
622,Masculino,Ciência da Computação,FIAP,2020,0,1
623,Masculino,Engenharia de Software,UFMG,2021,0,1
624,Masculino,Análise e Desenvolvimento de Sistemas,FATEC,2022,0,0
625,Masculino,Sistemas de Informação,FATEC,2020,0,1
626,Masculino,Engenharia de Software,USP,2022,0,1
627,Masculino,Engenharia de Software,UFRJ,2022,1,1
628,Masculino,Sistemas de Informação,FIAP,2019,0,1
629,Feminino,Sistemas de Informação,Insper,2022,0,0
630,Masculino,Ciência da Computação,PUC-SP,2022,0,1
631,Masculino,Engenharia de Software,FATEC,2020,0,0
632,Masculino,Data Science,FATEC,2020,1,1
633,Masculino,Sistemas de Informação,Insper,2019,1,0
634,Masculino,Sistemas de Informação,FIAP,2022,0,1
635,Feminino,Análise e Desenvolvimento de Sistemas,UFRJ,2019,0,0
636,Masculino,Data Science,FATEC,2022,1,0
637,Masculino,Data Science,FIAP,2021,0,1
638,Masculino,Sistemas de Informação,Insper,2021,0,0
639,Masculino,Ciência da Computação,USP,2019,0,1
640,Masculino,Análise e Desenvolvimento de Sistemas,UFRJ,2019,0,0
641,Feminino,Data Science,PUC-SP,2019,0,1
642,Masculino,Sistemas de Informação,FATEC,2020,0,0
643,Masculino,Data Science,FIAP,2020,0,1
644,Masculino,Análise e Desenvolvimento de Sistemas,USP,2020,0,0
645,Feminino,Análise e Desenvolvimento de Sistemas,PUC-SP,2019,0,1
646,Masculino,Engenharia de Software,UFMG,2022,1,1
647,Masculino,Sistemas de Informação,FIAP,2021,1,0
648,Masculino,Análise e Desenvolvimento de Sistemas,FIAP,2019,0,0
649,Masculino,Engenharia de Software,PUC-SP,2020,0,1
650,Masculino,Engenharia de Software,USP,2020,0,1
651,Feminino,Data Science,UFMG,2019,0,1
652,Masculino,Data Science,Insper,2019,0,1
653,Masculino,Engenharia de Software,USP,2020,1,1
654,Masculino,Data Science,UFRJ,2022,0,0
655,Masculino,Análise e Desenvolvimento de Sistemas,FATEC,2020,0,1
656,Feminino,Ciência da Computação,PUC-SP,2020,0,1
657,Masculino,Análise e Desenvolvimento de Sistemas,Insper,2019,0,0
658,Masculino,Engenharia de Software,UFMG,2022,0,1
659,Masculino,Engenharia de Software,PUC-SP,2020,0,1
660,Masculino,Análise e Desenvolvimento de Sistemas,PUC-SP,2020,0,1
661,Masculino,Data Science,USP,2021,0,0
662,Masculino,Data Science,FATEC,2019,0,1
663,Masculino,Engenharia de Software,UFRJ,2021,1,0
664,Masculino,Sistemas de Informação,FIAP,2021,0,1
665,Feminino,Data Science,FIAP,2020,0,0
666,Feminino,Análise e Desenvolvimento de Sistemas,PUC-SP,2019,0,1
667,Masculino,Data Science,FATEC,2022,1,0
668,Feminino,Análise e Desenvolvimento de Sistemas,UFMG,2020,0,0
669,Masculino,Engenharia de Software,UFMG,2022,0,0
670,Masculino,Data Science,Insper,2022,0,1
671,Feminino,Análise e Desenvolvimento de Sistemas,USP,2019,1,1
672,Masculino,Engenharia de Software,FATEC,2021,1,1
673,Feminino,Sistemas de Informação,FATEC,2019,1,1
674,Masculino,Análise e Desenvolvimento de Sistemas,USP,2022,1,1
675,Masculino,Sistemas de Informação,UFMG,2020,1,0
676,Masculino,Sistemas de Informação,UFMG,2022,0,1
677,Feminino,Ciência da Computação,UFMG,2020,0,0
678,Masculino,Data Science,PUC-SP,2020,1,0
679,Masculino,Análise e Desenvolvimento de Sistemas,FATEC,2019,0,0
680,Masculino,Sistemas de Informação,FIAP,2022,0,1
681,Masculino,Ciência da Computação,USP,2021,0,0
682,Masculino,Engenharia de Software,UFMG,2022,0,1
683,Feminino,Análise e Desenvolvimento de Sistemas,Insper,2022,0,0
684,Masculino,Sistemas de Informação,UFMG,2021,1,0
685,Masculino,Data Science,UFMG,2019,0,0
686,Masculino,Ciência da Computação,UFRJ,2022,0,0
687,Masculino,Sistemas de Informação,PUC-SP,2022,1,1
688,Masculino,Data Science,USP,2020,0,1
689,Masculino,Sistemas de Informação,UFRJ,2022,1,0
690,Masculino,Análise e Desenvolvimento de Sistemas,UFRJ,2021,1,1
691,Masculino,Análise e Desenvolvimento de Sistemas,Insper,2020,0,0
692,Masculino,Análise e Desenvolvimento de Sistemas,FATEC,2019,0,1
693,Masculino,Ciência da Computação,Insper,2020,0,1
694,Masculino,Análise e Desenvolvimento de Sistemas,FATEC,2021,1,1
695,Feminino,Data Science,FATEC,2021,0,1
696,Masculino,Sistemas de Informação,USP,2020,0,0
697,Masculino,Engenharia de Software,UFMG,2019,0,0
698,Masculino,Data Science,USP,2020,0,0
699,Feminino,Data Science,PUC-SP,2019,1,0
700,Masculino,Análise e Desenvolvimento de Sistemas,FATEC,2020,1,0
701,Masculino,Ciência da Computação,UFRJ,2021,0,0
702,Feminino,Sistemas de Informação,UFMG,2022,0,1
703,Masculino,Ciência da Computação,FIAP,2022,0,0
704,Feminino,Sistemas de Informação,PUC-SP,2019,0,1
705,Feminino,Sistemas de Informação,USP,2019,1,1
706,Masculino,Ciência da Computação,Insper,2019,1,0
707,Masculino,Data Science,PUC-SP,2021,0,1
708,Masculino,Sistemas de Informação,PUC-SP,2020,1,1
709,Masculino,Ciência da Computação,UFMG,2021,0,1
710,Masculino,Sistemas de Informação,PUC-SP,2022,0,1
711,Masculino,Engenharia de Software,PUC-SP,2019,0,0
712,Masculino,Data Science,FIAP,2020,0,1
713,Masculino,Análise e Desenvolvimento de Sistemas,Insper,2022,1,1
714,Masculino,Sistemas de Informação,Insper,2022,1,0
715,Masculino,Engenharia de Software,Insper,2022,1,1
716,Masculino,Análise e Desenvolvimento de Sistemas,FATEC,2021,0,0
717,Masculino,Análise e Desenvolvimento de Sistemas,UFRJ,2019,0,1
718,Masculino,Sistemas de Informação,Insper,2022,0,0
719,Feminino,Ciência da Computação,PUC-SP,2019,0,0
720,Masculino,Sistemas de Informação,PUC-SP,2021,0,0
721,Masculino,Engenharia de Software,Insper,2022,0,0
722,Masculino,Análise e Desenvolvimento de Sistemas,UFMG,2021,0,0
723,Feminino,Sistemas de Informação,Insper,2021,1,1
724,Masculino,Ciência da Computação,PUC-SP,2019,0,1
725,Masculino,Sistemas de Informação,FATEC,2022,0,1
726,Masculino,Data Science,USP,2021,1,0
727,Feminino,Ciência da Computação,USP,2022,0,1
728,Masculino,Engenharia de Software,Insper,2019,1,1
729,Masculino,Análise e Desenvolvimento de Sistemas,FIAP,2021,0,1
730,Feminino,Sistemas de Informação,Insper,2019,0,1
731,Feminino,Ciência da Computação,UFMG,2022,0,1
732,Masculino,Data Science,Insper,2022,0,0
733,Masculino,Ciência da Computação,USP,2019,0,0
734,Masculino,Data Science,PUC-SP,2020,0,0
735,Masculino,Engenharia de Software,Insper,2021,0,0
736,Masculino,Análise e Desenvolvimento de Sistemas,PUC-SP,2022,0,1
737,Masculino,Engenharia de Software,PUC-SP,2022,0,1
738,Masculino,Sistemas de Informação,FIAP,2021,0,1
739,Masculino,Ciência da Computação,PUC-SP,2019,0,1
740,Masculino,Data Science,USP,2019,0,0
741,Masculino,Data Science,FATEC,2019,0,1
742,Masculino,Ciência da Computação,FATEC,2020,0,1
743,Masculino,Ciência da Computação,UFRJ,2020,1,0
744,Masculino,Sistemas de Informação,UFMG,2022,1,0
745,Masculino,Engenharia de Software,Insper,2019,0,0
746,Masculino,Data Science,UFMG,2021,1,0
747,Masculino,Sistemas de Informação,USP,2022,0,0
748,Masculino,Engenharia de Software,PUC-SP,2021,0,1
749,Masculino,Sistemas de Informação,FATEC,2022,0,0
750,Masculino,Data Science,UFMG,2020,0,1
751,Feminino,Ciência da Computação,USP,2022,0,0
752,Masculino,Ciência da Computação,FATEC,2020,0,0
753,Masculino,Engenharia de Software,PUC-SP,2022,0,1
754,Masculino,Análise e Desenvolvimento de Sistemas,UFMG,2019,0,0
755,Feminino,Engenharia de Software,FATEC,2021,0,0
756,Masculino,Análise e Desenvolvimento de Sistemas,Insper,2019,1,1
757,Masculino,Sistemas de Informação,Insper,2022,0,0
758,Masculino,Sistemas de Informação,UFRJ,2022,0,1
759,Masculino,Data Science,UFRJ,2022,0,0
760,Masculino,Análise e Desenvolvimento de Sistemas,FATEC,2020,0,0
761,Feminino,Data Science,USP,2021,0,0
762,Masculino,Ciência da Computação,Insper,2021,0,0
763,Masculino,Análise e Desenvolvimento de Sistemas,USP,2022,0,0
764,Masculino,Engenharia de Software,USP,2022,1,0
765,Feminino,Ciência da Computação,FATEC,2020,1,1
766,Masculino,Ciência da Computação,USP,2019,0,0
767,Masculino,Engenharia de Software,Insper,2019,0,1
768,Masculino,Ciência da Computação,PUC-SP,2021,0,0
769,Masculino,Análise e Desenvolvimento de Sistemas,UFRJ,2020,0,1
770,Masculino,Data Science,PUC-SP,2022,0,1
771,Feminino,Ciência da Computação,USP,2021,1,0
772,Masculino,Análise e Desenvolvimento de Sistemas,PUC-SP,2020,1,1
773,Feminino,Sistemas de Informação,Insper,2019,0,1
774,Masculino,Análise e Desenvolvimento de Sistemas,Insper,2020,1,1
775,Masculino,Data Science,USP,2019,1,1
776,Feminino,Análise e Desenvolvimento de Sistemas,FATEC,2020,0,1
777,Masculino,Engenharia de Software,PUC-SP,2021,1,1
778,Masculino,Data Science,FATEC,2019,1,0
779,Masculino,Sistemas de Informação,FATEC,2021,1,1
780,Masculino,Engenharia de Software,FIAP,2021,0,0
781,Masculino,Análise e Desenvolvimento de Sistemas,USP,2019,0,1
782,Masculino,Data Science,UFRJ,2019,0,0
783,Masculino,Sistemas de Informação,Insper,2022,0,0
784,Masculino,Engenharia de Software,Insper,2022,0,1
785,Masculino,Sistemas de Informação,USP,2022,0,0
786,Masculino,Análise e Desenvolvimento de Sistemas,UFMG,2021,1,0
787,Masculino,Sistemas de Informação,UFMG,2021,0,0
788,Masculino,Ciência da Computação,UFMG,2022,0,0
789,Masculino,Engenharia de Software,UFRJ,2021,0,1
790,Masculino,Sistemas de Informação,Insper,2021,0,0
791,Feminino,Análise e Desenvolvimento de Sistemas,USP,2019,0,0
792,Masculino,Análise e Desenvolvimento de Sistemas,Insper,2019,0,0
793,Masculino,Sistemas de Informação,FATEC,2021,0,1
794,Masculino,Análise e Desenvolvimento de Sistemas,PUC-SP,2022,0,0
795,Feminino,Data Science,PUC-SP,2020,0,0
796,Masculino,Data Science,Insper,2022,0,1
797,Masculino,Data Science,FIAP,2020,0,1
798,Masculino,Ciência da Computação,UFRJ,2022,0,1
799,Masculino,Sistemas de Informação,UFMG,2019,1,0
800,Masculino,Ciência da Computação,UFRJ,2021,0,0
801,Masculino,Análise e Desenvolvimento de Sistemas,UFRJ,2021,1,0
802,Feminino,Ciência da Computação,FATEC,2019,0,0
803,Masculino,Análise e Desenvolvimento de Sistemas,UFRJ,2020,0,0
804,Masculino,Análise e Desenvolvimento de Sistemas,PUC-SP,2020,0,1
805,Masculino,Engenharia de Software,FATEC,2020,1,0
806,Masculino,Data Science,USP,2019,0,0
807,Masculino,Análise e Desenvolvimento de Sistemas,UFRJ,2020,1,0
808,Masculino,Engenharia de Software,UFRJ,2019,0,0
809,Masculino,Data Science,USP,2022,0,0
810,Feminino,Análise e Desenvolvimento de Sistemas,UFRJ,2022,0,0
811,Masculino,Análise e Desenvolvimento de Sistemas,USP,2019,0,0
812,Masculino,Ciência da Computação,FATEC,2021,0,0
813,Feminino,Ciência da Computação,PUC-SP,2022,0,0
814,Masculino,Data Science,USP,2020,0,1
815,Masculino,Análise e Desenvolvimento de Sistemas,FIAP,2019,0,1
816,Masculino,Sistemas de Informação,USP,2020,0,1
817,Masculino,Ciência da Computação,UFRJ,2020,0,0
818,Masculino,Data Science,UFMG,2021,1,1
819,Feminino,Análise e Desenvolvimento de Sistemas,UFMG,2020,0,1
820,Masculino,Análise e Desenvolvimento de Sistemas,FATEC,2021,0,1
821,Masculino,Sistemas de Informação,Insper,2022,0,1
822,Feminino,Data Science,FATEC,2019,1,0
823,Masculino,Análise e Desenvolvimento de Sistemas,Insper,2020,1,1
824,Masculino,Ciência da Computação,UFMG,2019,0,0
825,Masculino,Sistemas de Informação,UFMG,2020,0,0
826,Masculino,Data Science,USP,2019,1,0
827,Masculino,Sistemas de Informação,PUC-SP,2020,0,1
828,Masculino,Ciência da Computação,FIAP,2020,0,0
829,Masculino,Data Science,FATEC,2020,0,0
830,Masculino,Sistemas de Informação,UFRJ,2020,0,0
831,Masculino,Engenharia de Software,Insper,2020,0,0
832,Masculino,Ciência da Computação,UFRJ,2020,0,1
833,Feminino,Ciência da Computação,PUC-SP,2020,0,1
834,Feminino,Ciência da Computação,Insper,2020,1,1
835,Masculino,Engenharia de Software,FATEC,2020,1,0
836,Masculino,Engenharia de Software,USP,2019,1,1
837,Masculino,Análise e Desenvolvimento de Sistemas,UFRJ,2021,0,1
838,Masculino,Sistemas de Informação,PUC-SP,2020,1,0
839,Masculino,Análise e Desenvolvimento de Sistemas,FATEC,2021,0,1
840,Masculino,Sistemas de Informação,UFMG,2020,1,1
841,Feminino,Engenharia de Software,UFMG,2020,1,0
842,Masculino,Engenharia de Software,FATEC,2019,0,1
843,Feminino,Análise e Desenvolvimento de Sistemas,FATEC,2022,0,1
844,Masculino,Data Science,FATEC,2022,0,0
845,Feminino,Análise e Desenvolvimento de Sistemas,Insper,2019,0,0
846,Masculino,Sistemas de Informação,FATEC,2021,1,0
847,Feminino,Análise e Desenvolvimento de Sistemas,UFRJ,2022,1,0
848,Masculino,Ciência da Computação,PUC-SP,2019,0,0
849,Masculino,Sistemas de Informação,Insper,2019,0,0
850,Masculino,Sistemas de Informação,FATEC,2022,0,0
851,Feminino,Data Science,FIAP,2021,0,0
852,Masculino,Engenharia de Software,FIAP,2019,0,0
853,Masculino,Sistemas de Informação,PUC-SP,2020,0,0
854,Masculino,Engenharia de Software,UFMG,2021,0,1
855,Masculino,Análise e Desenvolvimento de Sistemas,USP,2021,0,1
856,Masculino,Ciência da Computação,USP,2022,0,1
857,Feminino,Data Science,UFMG,2022,0,0
858,Masculino,Engenharia de Software,Insper,2020,0,0
859,Masculino,Sistemas de Informação,Insper,2019,1,0
860,Feminino,Engenharia de Software,Insper,2022,0,1
861,Masculino,Sistemas de Informação,USP,2022,0,0
862,Masculino,Engenharia de Software,FIAP,2021,0,1
863,Masculino,Sistemas de Informação,USP,2022,1,1
864,Masculino,Análise e Desenvolvimento de Sistemas,UFRJ,2022,0,1
865,Masculino,Sistemas de Informação,FATEC,2022,0,0
866,Masculino,Sistemas de Informação,Insper,2022,0,0
867,Feminino,Ciência da Computação,FIAP,2021,1,0
868,Masculino,Sistemas de Informação,PUC-SP,2020,0,1
869,Masculino,Ciência da Computação,PUC-SP,2020,1,0
870,Masculino,Data Science,FATEC,2019,1,0
871,Masculino,Ciência da Computação,FIAP,2022,1,1
872,Masculino,Análise e Desenvolvimento de Sistemas,USP,2021,0,0
873,Masculino,Ciência da Computação,USP,2019,1,0
874,Masculino,Data Science,UFRJ,2019,0,0
875,Feminino,Análise e Desenvolvimento de Sistemas,UFRJ,2020,1,0
876,Feminino,Engenharia de Software,USP,2021,0,0
877,Masculino,Engenharia de Software,PUC-SP,2021,1,1
878,Masculino,Ciência da Computação,Insper,2021,1,0
879,Feminino,Ciência da Computação,PUC-SP,2020,0,1
880,Masculino,Data Science,UFRJ,2020,0,1
881,Masculino,Data Science,FATEC,2020,0,1
882,Masculino,Sistemas de Informação,USP,2020,1,0
883,Feminino,Data Science,UFRJ,2020,0,0
884,Feminino,Sistemas de Informação,UFRJ,2022,0,1
885,Masculino,Análise e Desenvolvimento de Sistemas,Insper,2022,1,0
886,Feminino,Ciência da Computação,USP,2021,1,0
887,Masculino,Análise e Desenvolvimento de Sistemas,Insper,2019,0,1
888,Masculino,Data Science,USP,2021,0,1
889,Feminino,Análise e Desenvolvimento de Sistemas,Insper,2019,1,0
890,Masculino,Análise e Desenvolvimento de Sistemas,PUC-SP,2020,1,1
891,Masculino,Análise e Desenvolvimento de Sistemas,FATEC,2019,0,0
892,Masculino,Data Science,FATEC,2021,0,1
893,Masculino,Análise e Desenvolvimento de Sistemas,USP,2021,0,0
894,Masculino,Sistemas de Informação,FIAP,2019,0,0
895,Masculino,Data Science,UFMG,2022,1,0
896,Masculino,Análise e Desenvolvimento de Sistemas,UFRJ,2020,1,0
897,Masculino,Data Science,UFRJ,2020,1,0
898,Masculino,Engenharia de Software,USP,2021,0,0
899,Feminino,Sistemas de Informação,Insper,2022,0,0
900,Feminino,Análise e Desenvolvimento de Sistemas,FIAP,2019,1,1
901,Masculino,Engenharia de Software,PUC-SP,2020,0,0
902,Feminino,Engenharia de Software,Insper,2022,0,1
903,Masculino,Data Science,Insper,2020,0,0
904,Masculino,Engenharia de Software,USP,2022,1,1
905,Masculino,Sistemas de Informação,USP,2022,0,0
906,Masculino,Sistemas de Informação,UFRJ,2021,1,1
907,Masculino,Ciência da Computação,USP,2020,0,0
908,Masculino,Sistemas de Informação,USP,2019,0,0
909,Masculino,Engenharia de Software,USP,2021,1,1
910,Masculino,Sistemas de Informação,UFRJ,2021,0,0
911,Masculino,Data Science,PUC-SP,2019,0,1
912,Masculino,Ciência da Computação,PUC-SP,2021,0,0
913,Masculino,Engenharia de Software,UFMG,2022,0,0
914,Masculino,Ciência da Computação,UFMG,2022,0,1
915,Masculino,Engenharia de Software,USP,2020,1,0
916,Masculino,Data Science,UFMG,2020,1,1
917,Masculino,Ciência da Computação,UFRJ,2019,1,1
918,Masculino,Análise e Desenvolvimento de Sistemas,PUC-SP,2020,0,0
919,Masculino,Engenharia de Software,Insper,2022,1,1
920,Feminino,Análise e Desenvolvimento de Sistemas,PUC-SP,2019,0,0
921,Masculino,Ciência da Computação,PUC-SP,2019,0,0
922,Masculino,Análise e Desenvolvimento de Sistemas,UFRJ,2020,0,1
923,Masculino,Análise e Desenvolvimento de Sistemas,UFMG,2022,0,0
924,Masculino,Ciência da Computação,Insper,2019,0,1
925,Masculino,Data Science,UFRJ,2022,0,0
926,Feminino,Análise e Desenvolvimento de Sistemas,USP,2022,1,1
927,Masculino,Análise e Desenvolvimento de Sistemas,FATEC,2022,1,1
928,Masculino,Data Science,PUC-SP,2020,0,1
929,Masculino,Análise e Desenvolvimento de Sistemas,FATEC,2021,1,0
930,Masculino,Análise e Desenvolvimento de Sistemas,UFRJ,2021,1,0
931,Feminino,Análise e Desenvolvimento de Sistemas,UFRJ,2019,1,0
932,Masculino,Sistemas de Informação,UFRJ,2022,1,0
933,Masculino,Data Science,FATEC,2020,0,0
934,Masculino,Análise e Desenvolvimento de Sistemas,UFRJ,2022,1,0
935,Feminino,Data Science,USP,2022,0,1
936,Masculino,Engenharia de Software,UFRJ,2020,0,0
937,Feminino,Engenharia de Software,FIAP,2021,0,0
938,Masculino,Análise e Desenvolvimento de Sistemas,UFMG,2022,0,1
939,Feminino,Data Science,FATEC,2022,1,0
940,Masculino,Data Science,FIAP,2021,1,0
941,Masculino,Data Science,UFRJ,2020,0,0
942,Masculino,Sistemas de Informação,USP,2019,0,0
943,Masculino,Engenharia de Software,PUC-SP,2021,0,1
944,Masculino,Data Science,Insper,2019,0,1
945,Masculino,Data Science,UFMG,2019,1,1
946,Feminino,Sistemas de Informação,Insper,2021,0,0
947,Feminino,Sistemas de Informação,UFRJ,2022,0,1
948,Masculino,Data Science,UFMG,2019,1,0
949,Masculino,Ciência da Computação,UFMG,2019,0,1
950,Masculino,Data Science,USP,2020,1,1
951,Masculino,Data Science,UFMG,2022,1,0
952,Masculino,Sistemas de Informação,FATEC,2019,1,0
953,Feminino,Sistemas de Informação,FIAP,2020,1,1
954,Masculino,Data Science,FIAP,2022,0,0
955,Masculino,Data Science,FIAP,2021,1,0
956,Masculino,Data Science,FATEC,2021,0,1
957,Masculino,Sistemas de Informação,Insper,2020,0,1
958,Feminino,Data Science,USP,2021,0,0
959,Feminino,Data Science,UFMG,2019,0,0
960,Masculino,Análise e Desenvolvimento de Sistemas,FATEC,2022,0,1
961,Feminino,Ciência da Computação,FIAP,2019,0,0
962,Masculino,Engenharia de Software,UFRJ,2019,1,0
963,Masculino,Ciência da Computação,PUC-SP,2021,0,0
964,Masculino,Análise e Desenvolvimento de Sistemas,UFMG,2019,0,0
965,Masculino,Engenharia de Software,FATEC,2021,1,0
966,Masculino,Data Science,FATEC,2022,1,0
967,Masculino,Análise e Desenvolvimento de Sistemas,USP,2022,0,0
968,Masculino,Data Science,USP,2019,1,0
969,Masculino,Sistemas de Informação,FATEC,2020,0,0
970,Masculino,Análise e Desenvolvimento de Sistemas,FIAP,2021,0,0
971,Masculino,Sistemas de Informação,PUC-SP,2021,0,1
972,Masculino,Análise e Desenvolvimento de Sistemas,UFMG,2019,0,0
973,Masculino,Análise e Desenvolvimento de Sistemas,USP,2021,1,0
974,Masculino,Sistemas de Informação,UFMG,2021,1,0
975,Feminino,Engenharia de Software,FIAP,2020,0,0
976,Masculino,Ciência da Computação,UFMG,2020,0,0
977,Masculino,Data Science,UFRJ,2019,0,1
978,Feminino,Análise e Desenvolvimento de Sistemas,USP,2020,0,0
979,Masculino,Data Science,FIAP,2019,1,0
980,Masculino,Sistemas de Informação,FIAP,2022,1,1
981,Masculino,Data Science,PUC-SP,2019,0,1
982,Masculino,Sistemas de Informação,PUC-SP,2022,1,0
983,Feminino,Data Science,UFRJ,2019,0,1
984,Feminino,Ciência da Computação,FIAP,2021,1,1
985,Masculino,Ciência da Computação,Insper,2020,0,0
986,Masculino,Ciência da Computação,FIAP,2022,0,0
987,Masculino,Ciência da Computação,PUC-SP,2019,1,0
988,Masculino,Ciência da Computação,Insper,2020,0,0
989,Masculino,Ciência da Computação,USP,2019,0,1
990,Masculino,Sistemas de Informação,USP,2020,0,0
991,Masculino,Análise e Desenvolvimento de Sistemas,UFMG,2020,0,0
992,Masculino,Data Science,FATEC,2019,0,0
993,Masculino,Ciência da Computação,PUC-SP,2022,1,0
994,Masculino,Sistemas de Informação,FATEC,2022,1,0
995,Masculino,Sistemas de Informação,Insper,2021,0,0
996,Feminino,Sistemas de Informação,PUC-SP,2020,1,0
997,Masculino,Análise e Desenvolvimento de Sistemas,UFRJ,2021,1,0
998,Feminino,Data Science,FIAP,2021,0,0
999,Masculino,Análise e Desenvolvimento de Sistemas,UFRJ,2019,0,0
1000,Masculino,Engenharia de Software,Insper,2019,1,0
